exp_id	project_name	config_name	category	date	duration	HWAT	RHOO	HOIL	USG	nom_usg	inclination	WC	H	DPDX_FRIC	TIN	PMID	nom_usw	INCL	USW	nom_temp	nom_press	RHOW	HGAS	RHOG	DPDX	USL	HLIQ	PIN	nom_uso	USO
7001	Multiflow (IFE)	MF_C3b_60	0	2024-10-11T11:16:50.859857Z		0	810.561575485021	8.216460317813715	6.008163243572884	6	60	0	8.216460317813715	407.1876632923203	20.490576483011246	7.883571876585483	0	60	0	20.5	8	998	91.78353968218629	47.72542226252913	1344.7521318117426	0.25208954822116186	8.216460317813715	8.023522181093693	0.25	0.25208954822116186
7002	Multiflow (IFE)	MF_C3b_60	0	2024-10-11T13:04:32.171186Z		0	810.6302526667714	12.985101827358278	3.9993135460284357	4	60	0	12.985101827358278	282.31018718979317	20.322631649076943	7.910027591913938	0	60	0	20.25	8	998	87.01489817264172	47.892770535410804	1529.9320189182945	0.24617525768182252	12.985101827358278	8.06249735340476	0.25	0.24617525768182252
7003	Multiflow (IFE)	MF_C3b_60	0	2024-10-11T13:04:33.056233Z		0	811.0314076146484	19.491689882802305	2.5009411647113957	2.5	60	0	19.491689882802305	232.83721312905868	20.04101609349251	7.9272285301387315	0	60	0	20	8	998	80.5083101171977	48.00157679024556	1902.4814972134252	0.25172872037376665	19.491689882802305	8.10783570381999	0.25	0.25172872037376665
7004	Multiflow (IFE)	MF_C3b_60	0	2024-10-11T13:04:34.049144Z		0	811.0561915422975	24.7577290108046	1.749828823960921	1.75	60	0	24.7577290108046	194.23205613285677	19.970877326130868	7.940702171891928	0	60	0	20	8.25	998	75.2422709891954	48.08680565851958	2205.3296256766002	0.2465104873214361	24.7577290108046	8.150380322307345	0.25	0.2465104873214361
7005	Multiflow (IFE)	MF_C3b_60	0	2024-10-11T13:04:34.938757Z		0	811.0300282526016	35.95273979128664	1.000813665697282	1	60	0	35.95273979128664	141.76480236438283	20.199619623720643	7.971314473211765	0	60	0	20.25	8.25	998	64.04726020871337	48.28044683174834	2878.5682834343424	0.24998007509822837	35.95273979128664	8.227494392484427	0.25	0.24998007509822837
7006	Multiflow (IFE)	MF_C3b_60	0	2024-10-11T13:04:35.863687Z		2.253213703528195	810.9822859217226	9.039186478299895	6.001338878201522	6	60	19.953363919515542	11.292400181828068	296.40749350743704	20.237098426818847	7.879403873413802	0	60	0.04988759370680275	20.25	8	998	88.70759981817193	47.699057141666344	1468.961252636016	0.25002096843434907	11.292400181828068	8.02903887528181	0.25	0.20013337472754633
7007	Multiflow (IFE)	MF_C3b_60	0	2024-10-11T13:04:36.781590Z		3.1421504377952454	811.0880686853825	12.834655694360317	4.00592202731494	4	60	19.666949775845605	15.97680613215549	236.1018482107695	20.17563894242048	7.913928363502026	0	60	0.04989455144159097	20.25	8	998	84.02319386784451	47.91744525616841	1727.7881601566678	0.25369745695323864	15.97680613215549	8.081992548882962	0.25	0.2038029055116477
7008	Multiflow (IFE)	MF_C3b_60	0	2024-10-11T13:04:37.719467Z		4.463768595460614	811.2168762402237	17.7451511577025	2.4998852414081267	2.5	60	20.098990158334246	22.20891975316313	233.80242781712604	20.024749678373333	7.934827177494765	0	60	0.049913485961765945	20	8.25	998	77.79108024683687	48.049642793960885	2150.965162522687	0.24833827753813204	22.20891975316313	8.138785171747209	0.25	0.19842479157636608
7009	Multiflow (IFE)	MF_C3b_60	0	2024-10-11T13:04:38.677880Z		5.848489084284118	811.2353906714916	22.674980552526918	1.751432868193977	1.75	60	20.504129261807364	28.523469636811082	142.3684582939136	19.98565324306488	7.952132968753577	0	60	0.050670873594110086	20	8.25	998	71.47653036318891	48.15911230714762	2491.0729081322056	0.24712521535110354	28.523469636811082	8.187670445084573	0.25	0.19645434175699344
7010	Multiflow (IFE)	MF_C3b_60	0	2024-10-11T13:04:39.812191Z		8.346819752907995	811.2087781903149	32.548899669499974	0.9987878530612022	1	60	20.41000835978585	40.89571942240786	196.84001558585396	20.02510787367821	7.993117321550846	0	60	0.05043477615715221	20	8.25	998	59.10428057759214	48.41836292920203	3387.528271899595	0.2471080622216923	40.89571942240786	8.285524690210819	0.25	0.19667328606454007
7011	Multiflow (IFE)	MF_C3b_60	0	2024-10-11T13:04:40.733257Z		4.8738038917755135	810.9691662958264	7.16869414791945	5.9917052678388085	6	60	40.47170176578222	12.042498039694962	355.0146373721775	20.2093107303977	7.877529753446579	0	60	0.1002742792006023	20.25	8	998	87.95750196030504	47.68720220840168	1617.9141920235468	0.2477639309088347	12.042498039694962	8.040237523138524	0.25	0.1474896517082324
7012	Multiflow (IFE)	MF_C3b_60	0	2024-10-11T13:04:41.712971Z		6.846775815397254	811.028130300045	10.086519244337177	3.995967014530501	4	60	40.43380683584826	16.933295059734476	317.5684963277945	20.14848795861006	7.918281416326761	0	60	0.10014396404588624	20.25	8	998	83.06670494026552	47.94498092711656	1930.5463830084984	0.24767384493982267	16.933295059734476	8.103362013489008	0.25	0.14752988089393643
7013	Multiflow (IFE)	MF_C3b_60	0	2024-10-11T13:04:42.665755Z		9.454918234183818	811.1597175303101	14.43764200907357	2.5010809344372658	2.5	60	39.5726457856356	23.892560243257428	284.0294753925714	20.041655864715572	7.950826856702565	0	60	0.09922466827129273	20	8.25	998	76.10743975674256	48.150850364757744	2390.5521597569436	0.2507405464087269	23.892560243257428	8.17121416848898	0.25	0.15151587813743417
7014	Multiflow (IFE)	MF_C3b_60	0	2024-10-11T13:04:43.565469Z		12.543322621311628	811.1924025797844	18.780978201093717	1.7476129365365107	1.75	60	40.043424089260924	31.32430082240539	215.10756102582218	20.01519073784351	7.969255921214819	0	60	0.09993543448766266	20	8.25	998	68.67569917759461	48.26742525523645	2852.653795843311	0.24956765501595535	31.32430082240539	8.228285899072885	0.25	0.14963222052829267
7015	Multiflow (IFE)	MF_C3b_60	0	2024-10-11T13:04:44.535740Z		17.617299291192786	811.0050442415475	26.68365233671283	1.0003729720244219	1	60	39.76731569823762	44.30095162790554	121.69480536317496	20.109709979593752	8.003691124081612	0	60	0.09906767608839617	20	8.25	998	55.69904837209446	48.48524857449065	3681.0915688037326	0.24911833838658262	44.30095162790554	8.328559903234243	0.25	0.15005066229818645
7016	Multiflow (IFE)	MF_C3b_60	0	2024-10-11T13:04:45.496435Z		6.212839339790584	811.1866239611804	6.233862312295196	6.0082528439460905	6	60	49.915548017891595	12.44670165208575	369.6283104343113	20.420299809277058	7.851249178588391	0	60	0.12447500206258862	20.5	8	998	87.55329834791425	47.52096180407873	1678.8561020285524	0.24937120197092125	12.44670165208575	8.021968981683255	0	0.12489619990833263
7017	Multiflow (IFE)	MF_C3b_60	0	2024-10-11T13:04:46.413063Z		8.868261963307578	811.1618894188106	8.854118417437647	3.999306426922291	4	60	50.03990306484252	17.72238038074514	316.29100271176685	20.02854087918997	7.886376563459635	0.25	60	0.1258036191380528	20	8	998	82.27761961925486	47.74316358982026	2011.232159423677	0.2514066003985548	17.72238038074514	8.082510598808527	0.25	0.12560298126050198
7018	Multiflow (IFE)	MF_C3b_60	0	2024-10-11T13:04:47.379946Z		12.46934239450812	811.1475954005122	12.598900667296277	2.4980670975343098	2.5	60	49.74158884516003	25.06824306180448	274.47068505285097	19.78649438500404	7.9160805096924305	0	60	0.12499663338335068	19.75	8.25	998	74.93175693819552	47.93105887211044	2503.835830858684	0.2512919998845456	25.06824306180448	8.149582374602556	0.25	0.1262953665011949
7019	Multiflow (IFE)	MF_C3b_60	0	2024-10-11T13:04:48.363745Z		15.954745149166708	811.1837814858557	16.1448133646364	1.751400335895821	1.75	60	49.703939517753874	32.09955851380308	142.889155166597	19.628882969617845	7.928401847928763	0	60	0.12434125972829584	19.75	8.25	998	67.90044148619691	48.00899872925818	2883.602117031069	0.25016379171289244	32.09955851380308	8.201693378865722	0.25	0.1258225319845966
7107	Multiflow (IFE)	MF_C3b_60	0	2024-10-11T13:04:49.337316Z		18.149470203242437	813.249947800301	17.83034317204606	0.9955966825782058	1	60	50.4434806649324	35.979813375288515	359.92071365532183	19.497575245052577	7.849391352534295	0	60	0.12348829229211937	19.5	8.25	998	64.02018662471149	47.50920993959094	3384.16361487319	0.2448052566245031	35.979813375288515	8.165364532545208	0	0.12131696433238372
7109	Multiflow (IFE)	MF_C3b_60	0	2024-10-11T13:04:50.431824Z		8.010133080102547	813.9276683229208	5.294251660931924	6.004910492949605	6	60	60.206715575482804	13.304384741034449	390.23289638570077	20.085034337639808	7.808598699659109	0.25	60	0.14912229870905108	20	8	998	86.69561525896555	47.251171934563665	1781.7388282066574	0.24768382942612505	13.304384741034449	7.982961455941199	0	0.09856153071707398
7022	Multiflow (IFE)	MF_C3b_60	0	2024-10-11T13:04:51.378486Z		10.896464033728149	811.0357068926096	7.2619074969346125	4.006146208419886	4	60	60.007936368787675	18.15837153066276	335.8364676754138	19.935131562948232	7.889565155357123	0.25	60	0.14970746850584166	20	8	998	81.84162846933724	47.763333346727016	2091.5465785242195	0.24947944816131018	18.15837153066276	8.08887179750204	0	0.09977197965546851
7023	Multiflow (IFE)	MF_C3b_60	0	2024-10-11T13:04:52.370368Z		15.526367512791797	811.1950740547478	10.22831988036685	2.5019376451195936	2.5	60	60.285598795177634	25.75468739315879	320.24717764273373	19.784019439816475	7.910576503992081	0.25	60	0.1505322287553681	19.75	8.25	998	74.24531260684121	47.89624273365231	2642.661892235836	0.24969848813612425	25.75468739315879	8.152619481265544	0	0.09916625938075616
7024	Multiflow (IFE)	MF_C3b_60	0	2024-10-11T13:04:53.282143Z		20.079003656241117	811.4411860905587	13.545489750130862	1.7473823240768378	1.75	60	59.71540868608616	33.624493406371904	224.96933323262283	19.70369337886572	7.920364865034818	0.25	60	0.1505179845313654	19.75	8.25	998	66.3755065936281	47.95815999026424	3129.9870019311384	0.252058870303665	33.624493406371904	8.197109945327043	0	0.10154088577229957
7110	Multiflow (IFE)	MF_C3b_60	0	2024-10-11T13:04:54.263933Z		19.48257662064237	813.6585100036859	13.200773695013508	0.9997508197770492	1	60	59.61009637163747	32.6833503156559	314.2639329406247	19.812176526784896	7.841418138921261	0.25	60	0.14912945850267995	19.75	8.25	998	67.3166496843441	47.45877457956033	3145.9690983055684	0.250174832083707	32.6833503156559	8.135704653769732	0	0.10104537358102707
7026	Multiflow (IFE)	MF_C3b_60	0	2024-10-11T13:04:55.148017Z		9.709458500658242	810.571650622934	2.450402481500239	5.9930908702659815	6	60	79.84843342291836	12.159860982158492	416.01064579220247	20.07442062497139	7.811314587771892	0.25	60	0.20058496501952697	20	8	998	87.84013901784151	47.26835155640988	1760.6200999610737	0.2512071388515863	12.159860982158492	7.984538068652152	0	0.05062217383205931
7027	Multiflow (IFE)	MF_C3b_60	0	2024-10-11T13:04:56.070875Z		10.906455460833063	811.4595201276243	2.70090713533711	4.005768362566372	4	60	80.15113423892083	13.60736259617014	433.4425540971131	19.9360823521018	7.839269118875263	0.25	60	0.20014251317852289	20	8	998	86.39263740382987	47.445180738357365	1892.2655584043216	0.24970640163609198	13.60736259617014	8.027174185872077	0	0.04956388845756908
7028	Multiflow (IFE)	MF_C3b_60	0	2024-10-11T13:04:57.001227Z		13.399010377987304	811.5176535792648	3.2911732279463717	2.5013678649655064	2.5	60	80.28078476754263	16.69018360593361	349.5623054630546	19.753946222364902	7.856449540138246	0.25	60	0.19958937717321137	19.75	8	998	83.30981639406639	47.55385721109849	2048.6842494588996	0.24861413319654665	16.69018360593361	8.059800363451243	0	0.04902475602333529
7029	Multiflow (IFE)	MF_C3b_60	0	2024-10-11T13:04:57.990422Z		16.061198262946977	811.5498048746587	4.057227298620795	1.746499161122988	1.75	60	79.83327628593698	20.11842556156773	328.84705550954277	19.606202706694603	7.8607179162800325	0.25	60	0.20014612478478266	19.5	8	998	79.88157443843227	47.580857251220976	2292.7376057717697	0.2507051371259323	20.11842556156773	8.086524946212768	0	0.05055901234114964
7030	Multiflow (IFE)	MF_C3b_60	0	2024-10-11T13:04:58.967978Z		21.234041237863245	811.5813829834759	5.3340354179346035	0.9999093003936744	1	60	79.92314051544042	26.568076655797782	390.3781522395534	19.535292300283906	7.863983227878809	0.25	60	0.20028103724025784	19.5	8.25	998	73.43192334420222	47.601512306270195	2854.7805547977064	0.25059205124899386	26.568076655797782	8.135806657999755	0	0.05031101400873603
7116	Multiflow (IFE)	MF_C3b_60	0	2024-10-11T13:05:00.024352Z		7.74313651581974	810	0	6.011393392510575	6	60	100	7.74313651581974	605.6170457589053	20.091085918545723	7.778681871712209	0.25	60	0.2504736087445957	20	8	998	92.25686348418026	47.061930047702745	1631.001257101565	0.2504736087445957	7.74313651581974	7.943119413554669	0	0
7117	Multiflow (IFE)	MF_C3b_60	0	2024-10-11T13:05:00.973315Z		10.783529440269794	810	0	4.001689655294547	4	60	100	10.783529440269794	430.0010974155555	19.88361434876919	7.815870336771011	0.25	60	0.25017210943957724	20	8	998	89.21647055973021	47.29716940227871	1702.7984232399178	0.25017210943957724	10.783529440269794	7.988935979485511	0	0
7118	Multiflow (IFE)	MF_C3b_60	0	2024-10-11T13:05:02.007049Z		14.708117583109129	810	0	2.507238267165742	2.5	60	100	14.708117583109129	341.37440787109085	19.76313432335854	7.839453844308854	0.25	60	0.25023573060189386	19.75	8	998	85.29188241689087	47.446349237560085	1932.2375686375408	0.25023573060189386	14.708117583109129	8.033729072749614	0	0
7119	Multiflow (IFE)	MF_C3b_60	0	2024-10-11T13:05:02.997275Z		18.383615105086037	810	0	1.753307905023973	1.75	60	100.00000000000001	18.383615105086037	282.29358774637694	19.63775549590588	7.833728474736212	0.25	60	0.24931629675612887	19.75	8	998	81.61638489491396	47.41013283979138	2169.7251131762946	0.24931629675612887	18.383615105086037	8.048705357313157	0	0
7120	Multiflow (IFE)	MF_C3b_60	0	2024-10-11T13:05:03.998768Z		27.43822200569718	810	0	0.9970358935183734	1	60	100	27.43822200569718	233.27767886177207	19.64848714709282	7.855737357497216	0.25	60	0.2494933352805068	19.75	8	998	72.56177799430282	47.54935222858439	2852.811617365843	0.2494933352805068	27.43822200569718	8.12280618095398	0	0
7111	Multiflow (IFE)	MF_C3b_60	0	2024-10-11T13:05:04.935120Z		0	812.7679635427892	12.184702368261464	6.00371775753737	6	60	0	12.184702368261464	529.1983298180858	20.052520508170126	7.811079570949078	0	60	0	20	8	998	87.81529763173853	47.266864933995485	1720.3275777539868	0.5000775102125566	12.184702368261464	7.989429638206959	0.5	0.5000775102125566
7037	Multiflow (IFE)	MF_C3b_60	0	2024-10-11T13:05:06.069348Z		0	812.4672793848813	17.58122317860568	4.0020380158834055	4	60	0	17.58122317860568	393.59470762219735	19.976177094876768	7.818839027553797	0	60	0	20	8	998	82.41877682139432	47.3159481526943	1934.7599708663754	0.4994363634330034	17.58122317860568	8.009386557608844	0.5	0.4994363634330034
7038	Multiflow (IFE)	MF_C3b_60	0	2024-10-11T13:05:07.269394Z		0	812.6241713149846	25.09523194879399	2.4980783209241	2.5	60	0	25.09523194879399	306.35525157067696	19.793270712792875	7.84052832171321	0	60	0	19.75	8	998	74.904768051206	47.45314595182908	2335.266947724462	0.5016161400990127	25.09523194879399	8.061241071492434	0.5	0.5016161400990127
7039	Multiflow (IFE)	MF_C3b_60	0	2024-10-11T13:05:08.504217Z		0	812.6790704545379	31.800359773229644	1.7519097846369758	1.75	60	0	31.800359773229644	256.1746432967625	19.64855611503124	7.857388809829951	0	60	0	19.75	8	998	68.19964022677036	47.55979865546034	2720.0877038125423	0.4982476978886176	31.800359773229644	8.10524876883626	0.5	0.4982476978886176
7040	Multiflow (IFE)	MF_C3b_60	0	2024-10-11T13:05:09.520088Z		0	812.6616961398721	42.696401279862734	0.9983781419545117	1	60	0	42.696401279862734	183.17958372570274	19.679927937984466	7.880280764460563	0	60	0	19.75	8.25	998	57.303598720137266	47.70460400367174	3353.5854530337597	0.5013279974918096	42.696401279862734	8.177308512926102	0.5	0.5013279974918096
7041	Multiflow (IFE)	MF_C3b_60	0	2024-10-11T13:05:10.606185Z		2.9422300380559525	812.6552797497809	11.928298670112236	6.002830657331318	6	60	19.785645122623126	14.870528708168267	475.90446460535713	19.903784802258013	7.793676951169968	0	60	0.09870680824157452	20	8	998	85.12947129183173	47.15678292232075	1887.2711061390694	0.49888091912005467	14.870528708168267	7.982929178237913	0.5	0.40017411087848015
7042	Multiflow (IFE)	MF_C3b_60	0	2024-10-11T13:05:11.603279Z		4.099767977038008	812.6829688985646	16.35756672687354	4.002951042749656	4	60	20.040577310660687	20.457334703911467	374.40363466858184	19.8539176979661	7.825057362824678	0	60	0.1000526099877456	19.75	8	998	79.54266529608853	47.355282854283786	2167.6747833788017	0.499250138540281	20.457334703911467	8.034757909625771	0.5	0.3991975285525354
7043	Multiflow (IFE)	MF_C3b_60	0	2024-10-11T13:05:12.589293Z		5.588195085016899	812.7402525231244	22.597197778999735	2.501735743283457	2.5	60	19.82656446187471	28.18539286401654	340.7995304741503	19.712120062410833	7.847787378519774	0	60	0.0996032356762691	19.75	8	998	71.81460713598347	47.499063841564684	2659.4379116366763	0.5023726418553256	28.18539286401654	8.095259318619966	0.5	0.4027694061790565
7044	Multiflow (IFE)	MF_C3b_60	0	2024-10-11T13:05:13.554876Z		6.998771114909184	812.7895984782278	28.242702965062765	1.750699004056037	1.75	60	19.859473241746826	35.241474079972	299.17760121434867	19.63813219368458	7.866526929885149	0	60	0.09961821277237944	19.75	8.25	998	64.758525920028	47.617602747681495	3098.089743018813	0.501615584460573	35.241474079972	8.14932816490531	0.5	0.4019973716881935
7051	Multiflow (IFE)	MF_C3b_60	0	2024-10-11T13:05:14.511170Z		9.716106178530744	812.814664888233	39.02212503850761	1.0006781744214466	1	60	19.935286808549762	48.73823121703818	188.64051748127577	19.71425952732563	7.874218118131159	0	60	0.10055878302512271	19.75	8.25	998	51.26176878296182	47.66625412805046	3905.3477792883964	0.5044260661551931	48.73823121703818	8.213011854171754	0.5	0.4038672831300705
7046	Multiflow (IFE)	MF_C3b_60	0	2024-10-11T13:05:15.452350Z		6.499309689622414	812.8492833380401	9.651711121508962	5.99058693690396	6	60	40.24086010181514	16.15102081113137	549.1210106684471	20.140588690638545	7.809000254809858	0.25	60	0.19973730329870765	20.25	8	998	83.84897918886863	47.253712011825236	2100.9789096534405	0.49635445861083405	16.15102081113137	8.018948433816433	0.25	0.2966171553121264
7047	Multiflow (IFE)	MF_C3b_60	0	2024-10-11T13:05:16.404410Z		8.994933110884272	812.8136562854052	13.291754005016633	3.9974228571445343	4	60	40.360117518169154	22.286687115900925	462.6015762928671	20.0218968552351	7.841827557295562	0.25	60	0.20052716154502095	20	8	998	77.71331288409908	47.461364396428806	2453.2859011730134	0.49684484058984335	22.286687115900925	8.074754622727632	0.25	0.2963176790448224
7048	Multiflow (IFE)	MF_C3b_60	0	2024-10-11T13:05:17.462068Z		12.424887779800285	812.9107018753887	18.602916374073764	2.5005489774169267	2.5	60	40.04436703990525	31.02780415387396	353.6839349924662	19.862794240117072	7.8641673681437965	0.25	60	0.19980434972097103	19.75	8.25	998	68.97219584612604	47.6026771039304	2966.255668121303	0.498957442683164	31.02780415387396	8.138578274816275	0.25	0.299153092962193
7049	Multiflow (IFE)	MF_C3b_60	0	2024-10-11T13:05:18.408790Z		15.264103444343801	812.9651133646071	23.079245047331735	1.7501705311787945	1.75	60	39.808999591305124	38.34334849167548	342.11996843305224	19.83122046023607	7.88179314532876	0.25	60	0.2002518267269502	19.75	8.25	998	61.65665150832452	47.7141707200916	3474.459045536334	0.5030315475968106	38.34334849167548	8.194370564252138	0.25	0.30277972086986044
7050	Multiflow (IFE)	MF_C3b_60	0	2024-10-11T13:05:19.342871Z		21.184908831118594	812.8976260994375	31.60410466693789	1.0002519486510608	1	60	40.13128381703624	52.78901349805618	231.61047352362584	19.971521231234075	7.880072165787221	0.25	60	0.2007411523797364	20	8.25	998	47.21098650194382	47.703284491903645	4393.996792838848	0.5002111402539263	52.78901349805618	8.26058711466193	0.25	0.29946998787418994
7052	Multiflow (IFE)	MF_C3b_60	0	2024-10-11T13:05:20.404028Z		8.23966198701029	812.9922130453588	8.260670491909675	6.010468327177941	6	60	49.93633914672269	16.50033247891997	632.9337051218365	20.09440624058247	7.812949543923139	0.25	60	0.2492607881638401	20	8	998	83.49966752108003	47.278693635040206	2235.401254721837	0.4991571116806608	16.50033247891997	8.034090149641036	0.25	0.2498963235168207
7053	Multiflow (IFE)	MF_C3b_60	0	2024-10-11T13:05:21.365507Z		11.447714960918534	813.035430880487	11.432035993052024	4.000359299840829	4	60	50.03426385168714	22.879750953970593	523.7704040686731	20.031614020764827	7.846007986694573	0.25	60	0.2502962249711927	20	8	998	77.12024904602941	47.487808120635194	2592.2241472872697	0.5002496403527136	22.879750953970593	8.087762601733207	0.25	0.24995341538152088
7054	Multiflow (IFE)	MF_C3b_60	0	2024-10-11T13:05:22.342766Z		15.937720837433202	813.1669945810735	15.704787970636968	2.500363510290183	2.5	60	50.3680695298358	31.64250880807018	400.09497700708926	19.9124664324522	7.872927736461163	0.25	60	0.250357410976102	20	8.25	998	68.35749119192982	47.658091689758734	3108.910334911181	0.49705580005960204	31.64250880807018	8.155337477624418	0.25	0.24669838908350009
7055	Multiflow (IFE)	MF_C3b_60	0	2024-10-11T13:05:23.312778Z		19.370764599373935	813.193796417564	19.27600908866746	1.7534506546026876	1.75	60	50.12259174785365	38.64677368804137	354.4000069522499	19.877729024589065	7.864385960251093	0.25	60	0.25003206538630324	20	8.25	998	61.35322631195863	47.60405983016432	3571.4067584680283	0.4988410548363356	38.64677368804137	8.186138268470764	0.25	0.24880898945003238
7112	Multiflow (IFE)	MF_C3b_60	0	2024-10-11T13:05:24.280271Z		23.0618053759589	812.901294836104	23.265784312401472	1.0005046078368673	1	60	49.77985155518057	46.32758968836027	503.8860720969856	19.728304924368857	7.85561994022131	0.25	60	0.24940183973851862	19.75	8.25	998	53.67241031163973	47.548609493863914	4277.08672399159	0.5010096092031505	46.32758968836027	8.235684467941523	0.25	0.2516077694646319
7057	Multiflow (IFE)	MF_C3b_60	0	2024-10-11T13:05:25.245019Z		9.932113094335763	812.5113729748131	6.645499209762693	6.003450903245359	6	60	59.91280838363106	16.577612304098476	651.2283688808398	20.31916418254375	7.9015908618271355	0.25	60	0.3001197328036143	20.25	8	998	83.42238769590152	47.83940315557373	2289.7091877220414	0.5009274993118347	16.577612304098476	8.12246877142787	0.25	0.2008077665082203
7058	Multiflow (IFE)	MF_C3b_60	0	2024-10-11T13:05:26.218251Z		13.83590459826236	812.4904619421064	9.242122843208504	4.006515824566496	4	60	59.95271750738734	23.078027441470812	559.4819774028929	20.142244471907617	7.935561597526073	0.25	60	0.2994377078576414	20.25	8.25	998	76.92197255852919	48.05428844131092	2682.6262263221183	0.49945643885240876	23.078027441470812	8.18238732627034	0.25	0.20001873099476736
7059	Multiflow (IFE)	MF_C3b_60	0	2024-10-11T13:05:27.194615Z		19.263009745062867	812.5079451063276	12.70815408356836	2.4994384555829745	2.5	60	60.25119963825719	31.97116382863121	458.0978415671598	20.075453475415706	7.961029961317777	0.25	60	0.3000183723537222	20	8.25	998	68.0288361713688	48.21539112331173	3244.531208787095	0.49794589013165824	31.97116382863121	8.250783255666494	0.25	0.19792751777793602
7060	Multiflow (IFE)	MF_C3b_60	0	2024-10-11T13:05:28.163438Z		22.72322895758965	812.4766481275858	15.126119540932212	1.751876897964581	1.75	60	60.035984393435555	37.84934849852177	488.0996922429904	19.39578105777502	7.82199112099409	0.25	60	0.299730915284963	19.5	8.25	998	62.15065150147823	47.335887034960216	3705.585810610742	0.4992521040726636	37.84934849852177	8.147712041020394	0.25	0.19952118878770064
7061	Multiflow (IFE)	MF_C3b_60	0	2024-10-11T13:05:29.195732Z		24.03969457049266	812.8740506957472	16.061846160939023	0.9994380466056612	1	60	59.94705971895559	40.10154073143177	474.2050368397222	19.461377018690108	7.848186728715897	0.25	60	0.2997798368443625	19.5	8.25	998	59.89845926856823	47.501589971165274	3859.4888099647637	0.5000742959701332	40.10154073143177	8.200077869325876	0.25	0.20029445912577074
7062	Multiflow (IFE)	MF_C3b_60	0	2024-10-11T13:05:30.347048Z		11.226967589441239	812.0690124571323	2.789154824774101	5.99699027637278	6	60	80.1003819576711	14.016122414215312	843.2285335121212	20.267372617721556	7.881266581445932	0.5	60	0.4009511529783695	20.25	8	998	85.98387758578468	47.71083988759439	2335.5926362803325	0.5005608502469456	14.016122414215312	8.111130846887828	0	0.09960969726857621
7063	Multiflow (IFE)	MF_C3b_60	0	2024-10-11T13:05:31.309428Z		14.105332553356906	812.0824171978235	3.610635693696301	4.000086271053364	4	60	79.61931494036814	17.715968247053198	682.3963423722573	20.132903020679954	7.895646920800208	0.5	60	0.3999585667225312	20.25	8.25	998	82.2840317529468	47.80180416221379	2460.9783306547292	0.502338618489854	17.715968247053198	8.133732612639665	0	0.10238005176732269
7064	Multiflow (IFE)	MF_C3b_60	0	2024-10-11T13:05:32.250876Z		18.09731927855801	812.1792824657261	4.6616797136134265	2.5026182677716613	2.5	60	79.51720233733944	22.758998992171463	574.2271564605553	20.018587515354156	7.921475511431694	0.5	60	0.3994364819424855	20	8.25	998	77.24100100782854	47.96518549511232	2744.198157386169	0.5023271319933238	22.758998992171463	8.184735723257065	0	0.10289065005083833
7065	Multiflow (IFE)	MF_C3b_60	0	2024-10-11T13:05:33.213764Z		21.83428374976593	812.09363739267	5.669371279512052	1.7506520907451968	1.75	60	79.38684413589053	27.503655029278047	529.7757173304622	19.957004437446592	7.9328772082030765	0.5	60	0.399497196002783	20	8.25	998	72.49634497072195	48.037308068209384	3067.0477487985154	0.503228463546105	27.503655029278047	8.223189133673907	0	0.10373126754332194
7066	Multiflow (IFE)	MF_C3b_60	0	2024-10-11T13:05:34.241846Z		29.66467809061676	812.1159226307273	7.515424108058738	0.9996800316115255	1	60	79.78643504555382	37.18010219867559	471.800433454448	20.07232942253351	7.934943033665418	0.5	60	0.4006312208876034	20	8.25	998	62.81989780132441	48.05037565375397	3760.6051763796863	0.5021294918852612	37.18010219867559	8.280551611751317	0	0.10149827099765789
7067	Multiflow (IFE)	MF_C3b_60	0	2024-10-11T13:05:35.196919Z		10.860514010571917	810	0	6.004946390486073	6	60	100	10.860514010571917	834.8857327805931	20.1728570574522	7.870251876175405	0.5	60	0.49982241740289873	20.25	8	998	89.13948598942808	47.64116526793514	2116.5061128906414	0.49982241740289873	10.860514010571917	8.090775934159755	0	0
7068	Multiflow (IFE)	MF_C3b_60	0	2024-10-11T13:05:36.121637Z		14.993080969423785	810	0	4.007132500360528	4	60	100	14.993080969423785	624.1662764002988	20.13173074930906	7.90092021664977	0.5	60	0.5002338855611781	20.25	8.25	998	85.00691903057621	47.83516092243979	2240.849993402622	0.5002338855611781	14.993080969423785	8.125220304995775	0	0
7069	Multiflow (IFE)	MF_C3b_60	0	2024-10-11T13:05:37.132538Z		20.48043581476234	810	0	2.5011897716189706	2.5	60	100	20.48043581476234	494.894934592302	20.00410665780306	7.916665919899939	0.5	60	0.49971746923547655	20	8.25	998	79.51956418523766	47.93476194291906	2555.2086030546357	0.49971746923547655	20.48043581476234	8.167078742325305	0	0
7070	Multiflow (IFE)	MF_C3b_60	0	2024-10-11T13:05:38.074641Z		25.811586380612	810	0	1.7490076367521161	1.75	60	100	25.811586380612	425.5552251671884	19.863972631990908	7.924710120528935	0.5	60	0.4991332164530878	19.75	8.25	998	74.188413619388	47.98564633841784	2916.4922541767214	0.4991332164530878	25.811586380612	8.204932961076498	0	0
7071	Multiflow (IFE)	MF_C3b_60	0	2024-10-11T13:05:39.031753Z		36.951812626935556	810	0	0.9999984284691431	1	60	100	36.951812626935556	322.95590368411285	20.0036011081934	7.93582966080308	0.5	60	0.49941893135089954	20	8.25	998	63.048187373064444	48.05598410237596	3713.4024401144466	0.49941893135089954	36.951812626935556	8.278221546769142	0	0
7072	Multiflow (IFE)	MF_C3b_60	0	2024-10-11T13:05:40.198680Z		0	811.3776946155726	17.260791988175214	6.007824688202477	6	60	0	17.260791988175214	868.9561784352261	20.656518175005914	7.8838840097785	0	60	0	20.75	8.25	998	82.73920801182479	47.72739669225488	2392.251156381903	1.0006602569765912	17.260791988175214	8.15733169811964	1	1.0006602569765912
7073	Multiflow (IFE)	MF_C3b_60	0	2024-10-11T13:05:41.234964Z		0	811.8517171736062	23.93669612369013	3.9964003327664246	4	60	0	23.93669612369013	658.9458002469769	20.37235096305609	7.893085742086173	0	60	0	20.25	8.25	998	76.06330387630987	47.7856031701403	2614.951563191235	1.0000902312962157	23.93669612369013	8.165142639398574	1	1.0000902312962157
7074	Multiflow (IFE)	MF_C3b_60	0	2024-10-11T13:05:42.166258Z		0	812.1994400799276	33.177114836865684	2.5014699291700926	2.5	60	0	33.177114836865684	520.4884345268647	20.074732475578784	7.907904130131007	0	60	0	20	8.25	998	66.82288516313432	47.8793383655567	3075.3944464494366	1.000872062920445	33.177114836865684	8.202032831728458	1	1.000872062920445
7075	Multiflow (IFE)	MF_C3b_60	0	2024-10-11T13:05:43.071598Z		0	812.4689946714044	39.980957240385024	1.7542080514802372	1.75	60	0	39.980957240385024	449.0645772676935	19.97744160979986	7.9067358411848545	0	60	0	20	8.25	998	60.019042759614976	47.87194823699892	3444.4650685410875	0.9982552566959582	39.980957240385024	8.228070964187383	1	0.9982552566959582
7076	Multiflow (IFE)	MF_C3b_60	0	2024-10-11T13:05:44.062898Z		0	812.5160198609531	52.171040072916576	1.0007364587524035	1	60	0	52.171040072916576	369.80022379973207	20.02124219089746	7.879911511600018	0	60	0	20	8.25	998	47.828959927083424	47.70226825777708	4153.796951032561	1.000821195356372	52.171040072916576	8.254036283642055	1	1.000821195356372
7077	Multiflow (IFE)	MF_C3b_60	0	2024-10-11T13:05:45.021162Z		3.995826530825562	812.4711683088541	16.019453755676075	6.0085570026023	6	60	19.963879963851213	20.015280286501575	829.8509156646758	20.142202231585976	7.844980187058448	0.25	60	0.19967590144206077	20.25	8.25	998	79.98471971349842	47.481306671256924	2593.6766602246976	1.0001858446535234	20.015280286501575	8.134710979133843	0.75	0.8005099432114627
7078	Multiflow (IFE)	MF_C3b_60	0	2024-10-11T13:05:46.052112Z		5.366114820036521	812.6363791793585	21.257611969716343	4.002045983974715	4	60	20.15538569191546	26.62372678975294	660.3196131434911	19.980261348783973	7.865330439418554	0.25	60	0.2007246735641206	20	8.25	998	73.37627321024706	47.610034227586006	2874.9382009774904	0.9958860457065499	26.62372678975294	8.157013932555913	0.75	0.7951613721424293
7079	Multiflow (IFE)	MF_C3b_60	0	2024-10-11T13:05:47.041826Z		7.32694246991528	812.6762143842876	29.129805496800778	2.499620947948118	2.5	60	20.097630421135204	36.456747966715966	537.1373264326221	19.858189517259596	7.891143876969814	0.25	60	0.20045767790352506	19.75	8.25	998	63.543252033284034	47.77331970816025	3420.8446657653585	0.9974194653948778	36.456747966715966	8.212881388783455	0.75	0.7969617874913527
7080	Multiflow (IFE)	MF_C3b_60	0	2024-10-11T13:05:47.948879Z		8.866087584791957	812.6789810237289	35.23675766579486	1.7509294044592605	1.75	60	20.10320997299822	44.102845250586746	449.7821232021729	19.735183432102204	7.90085069862008	0.25	60	0.20056097888613986	19.75	8.25	998	55.897154749413254	47.83472117919118	3853.4991476646333	0.9976564894637469	44.102845250586746	8.25371154358983	0.75	0.797095510577607
7081	Multiflow (IFE)	MF_C3b_60	0	2024-10-11T13:05:48.859487Z		11.16095523697629	812.6094744072855	44.49275983505502	0.998999182568317	1	60	20.054286084102248	55.65371507203134	326.0347686846044	19.68219058662653	7.869174600780011	0.25	60	0.2000095712588778	19.75	8.25	998	44.34628492796866	47.634350854694034	4513.584730828967	0.9973407700483168	55.65371507203134	8.275387540489437	0.75	0.7973311987894389
7082	Multiflow (IFE)	MF_C3b_60	0	2024-10-11T13:05:49.993915Z		8.535682245039965	812.6320245480538	12.714228098275663	6.001283203080919	6	60	40.168085921948155	21.249910343315694	974.7714260505566	20.125280827581882	7.8528413928449154	0.5	60	0.39958673409086404	20.25	8.25	998	78.75008965668431	47.531033514579796	2891.421162348259	0.994786594679451	21.249910343315694	8.16257595026493	0.5	0.5951998605885869
7083	Multiflow (IFE)	MF_C3b_60	0	2024-10-11T13:05:50.996279Z		11.400209745961373	812.5445149147511	17.13540955622146	4.0038101424576045	4	60	39.9508054310541	28.535619302182894	810.1619928272635	19.976188188493254	7.879116970658302	0.5	60	0.40003261808826396	20	8.25	998	71.4643806978171	47.697242309596156	3245.5203269530425	1.0013130242859014	28.535619302182894	8.198251209646461	0.5	0.6012804061976376
7084	Multiflow (IFE)	MF_C3b_60	0	2024-10-11T13:05:52.039558Z		15.657389868269753	812.5956075653435	23.421949742560898	2.4986886126490573	2.5	60	40.06564600168008	39.07933961083061	629.4457157075299	19.816692861318586	7.909208337515592	0.5	60	0.39984659071827544	19.75	8.25	998	60.92066038916939	47.88758825978863	3816.6278376758087	0.9979786441020034	39.07933961083061	8.259899016708134	0.5	0.598132053383728
7085	Multiflow (IFE)	MF_C3b_60	0	2024-10-11T13:05:53.022326Z		19.03020479147202	812.597865512967	28.54493886514624	1.7486923596506703	1.75	60	40.000309676048104	47.57514365661831	548.7022045371291	19.592770746648313	7.906850945979356	0.5	60	0.3995188151611792	19.5	8.25	998	52.42485634338169	47.872676343887015	4339.764873165498	0.9987893053748236	47.57514365661831	8.291957816779615	0.5	0.5992704902136443
7086	Multiflow (IFE)	MF_C3b_60	0	2024-10-11T13:05:54.141917Z		24.977527991640557	812.5207567548753	37.43963764749231	0.9982506629039862	1	60	40.01708141643118	62.41716563913257	313.0252263912962	19.588174147307875	7.909132110536097	0.5	60	0.399722856624266	19.5	8.25	998	37.58283436086743	47.887106078407136	5160.1172564114195	0.99888058418008	62.41716563913257	8.356998989999294	0.5	0.599157727555814
7087	Multiflow (IFE)	MF_C3b_60	0	2024-10-11T13:05:55.071463Z		10.806474956616398	812.6150956565141	10.69310545594314	6.000664697514937	6	60	50.263655146979225	21.49958041255952	1037.4126221835184	20.205826475918293	7.858029160648584	0.5	60	0.4997151669591311	20.25	8.25	998	78.50041958744048	47.56384925859869	3006.723076518132	0.9941878788915798	21.49958041255952	8.172913913786413	0.5	0.4944727119324487
7088	Multiflow (IFE)	MF_C3b_60	0	2024-10-11T13:05:56.019183Z		14.464400546787253	812.5500085267424	14.463176028532537	3.993915970506157	4	60	50.00211652409172	28.927576575319886	862.9461201353383	20.14971830099821	7.885218763291837	0.5	60	0.5001255156175832	20.25	8.25	998	71.07242342468011	47.73583980907885	3372.8629001267377	1.0002086919193025	28.927576575319886	8.210104413986205	0.5	0.5000831763017194
7089	Multiflow (IFE)	MF_C3b_60	0	2024-10-11T13:05:57.007050Z		19.85726741879204	812.583670914322	19.876132036570432	2.4983882649668563	2.5	60	49.97626100706587	39.733399455362495	664.5690069144111	19.92137882560492	7.914596426069737	0.5	60	0.49990211674692286	20	8.25	998	60.266600544637505	47.92167115274673	3961.354117530375	1.0002791458853724	39.733399455362495	8.276184309005737	0.5	0.5003770291384495
7090	Multiflow (IFE)	MF_C3b_60	0	2024-10-11T13:05:58.014581Z		24.160502791254586	812.5477496054768	24.35650740435786	1.7495284313158006	1.75	60	49.79800423365639	48.51701019561231	547.7101097991249	19.787801897525785	7.914688164114952	0.5	60	0.5003519068360561	19.75	8.25	998	51.48298980438769	47.922251450925536	4481.914478670537	1.0047629709985229	48.51701019561231	8.310763792157175	0.5	0.5044110641624668
7091	Multiflow (IFE)	MF_C3b_60	0	2024-10-11T13:05:58.942631Z		31.4471656295901	812.5168471319973	31.634220576363415	0.9973995531251832	1	60	49.851735228072904	63.08138620595341	335.65014906953456	19.74479076623917	7.914588097333907	0.5	60	0.5000961459882711	19.75	8.25	998	36.91861379404659	47.92161846849537	5329.1892675872805	1.0031669784418116	63.08138620595341	8.374774379551411	0.5	0.5030708324535405
7092	Multiflow (IFE)	MF_C3b_60	0	2024-10-11T13:06:00.159756Z		13.141011891143897	812.5335376255214	8.839046412036051	5.996058913437937	6	60	59.786064758721466	21.98005830317995	1125.475296124676	20.11381657153368	7.868953514903784	0.5	60	0.5998173272012858	20	8.25	998	78.01994169682006	47.632952353875375	3163.6535050597627	1.0032728021520863	21.98005830317995	8.195381026178598	0.5	0.4034554749508005
7093	Multiflow (IFE)	MF_C3b_60	0	2024-10-11T13:06:01.108635Z		17.758066636179528	812.5248228996992	11.795902792010839	3.998851758245101	4	60	60.08690872922406	29.55396942819037	932.5168033312548	20.05495470792055	7.8918657566905015	0.5	60	0.5999444557700623	20	8.25	998	70.44603057180963	47.77788603052144	3535.8564828198014	0.9984611764164053	29.55396942819037	8.22845370838046	0.5	0.39851672064634297
7094	Multiflow (IFE)	MF_C3b_60	0	2024-10-11T13:06:02.162093Z		23.96577235981476	812.6223119835555	15.899790015138358	2.5004362011528594	2.5	60	60.11647881549027	39.865562374953264	749.5563107161543	19.936951207816602	7.921739811927081	0.5	60	0.5995805728242551	20	8.25	998	60.134437625046736	47.966857354325946	4120.749788288962	0.9973647569487397	39.865562374953264	8.292116734802722	0.5	0.3977841841244846
7095	Multiflow (IFE)	MF_C3b_60	0	2024-10-11T13:06:03.194830Z		25.35326877126805	812.7262035740912	16.76339764155465	1.746028760367682	1.75	60	60.197710148182715	42.11666641282286	848.1379189454974	19.60628860026598	7.851794661611318	0.5	60	0.5999340330318741	19.5	8.25	998	57.88333358717714	47.524412311488554	4385.053374368214	0.9966060694918065	42.11666641282286	8.245735640168188	0.5	0.39667203645993243
7096	Multiflow (IFE)	MF_C3b_60	0	2024-10-11T13:06:04.235852Z		31.634165149578553	812.7557338075339	21.113633436239297	0.9989005503561745	1	60	59.972484156113936	52.74779858581783	614.8677765446664	19.615452422499654	7.860434080004692	0.5	60	0.5998078900154018	19.5	8.25	998	47.25220141418217	47.57906181647768	4940.981059025654	1.0001384775959026	52.74779858581783	8.304154805541037	0.5	0.4003305875805009
7097	Multiflow (IFE)	MF_C3b_60	0	2024-10-11T13:06:05.218487Z		14.0832014925031	813.0654943090677	3.520849212914303	6.002697599545701	6	60	79.99977805204347	17.604050705417492	1309.1517559574345	20.176525972783566	7.8481639300882815	0.75	60	0.7998366371507738	20.25	8.25	998	82.39594929458251	47.50144575616643	3078.03059902974	0.9997985702290875	17.604050705417492	8.181979490309955	0.25	0.19996193307831364
7098	Multiflow (IFE)	MF_C3b_60	0	2024-10-11T13:06:06.162452Z		17.817630759589232	814.862727688849	4.4206399869844875	3.995577478557297	4	60	80.12147600250977	22.238270746573686	1061.0138831497725	20.07858982503414	7.86287336039543	0.75	60	0.8003186232756766	20	8.25	998	77.76172925342631	47.59449172851733	3190.3566795347087	0.9988815274079662	22.238270746573686	8.191609310001136	0.25	0.19856290413228958
7099	Multiflow (IFE)	MF_C3b_60	0	2024-10-11T13:06:07.150626Z		23.03842718060252	814.2475094075501	5.793228135995103	2.503181013972431	2.5	60	79.90670992566946	28.83165531659764	895.6245686967563	19.931236408650875	7.870476966768504	0.75	60	0.799148507212355	20	8.25	998	71.16834468340235	47.642589100990854	3535.709476327589	1.0001018787480251	28.83165531659764	8.218057105392218	0.25	0.2009533715356702
7100	Multiflow (IFE)	MF_C3b_60	0	2024-10-11T13:06:08.195162Z		28.175628692073797	813.2871380394697	7.145504141976573	1.7477934303831284	1.75	60	79.76988967044645	35.32113283405041	785.1383777509036	19.590319686830046	7.780106691032648	0.75	60	0.800649384497431	19.5	8.25	998	64.67886716594958	47.07094288479612	3924.4415006892777	1.0036987487448659	35.32113283405041	8.15710369119048	0.25	0.20304936424743483
7101	Multiflow (IFE)	MF_C3b_60	0	2024-10-11T13:06:09.293368Z		39.64675068694978	812.9059087446333	10.063759655625109	0.997326566448533	1	60	79.75526787741313	49.71051034257471	543.1242123488555	19.540111181735995	7.828509505152702	0.75	60	0.8003002542643056	19.5	8.25	998	50.28948965742529	47.37711972579393	4799.616718030512	1.003445008164724	49.71051034257471	8.266451276719572	0.25	0.20314475390041825
7102	Multiflow (IFE)	MF_C3b_60	0	2024-10-11T13:06:10.487786Z		15.134063364588194	810	0	5.989415048307331	6	60	100	15.134063364588194	1281.4360681127987	20.130448249876498	7.833917317330837	1	60	1.0006472863056364	20.25	8.25	998	84.8659366354118	47.41132738250794	2906.444516859019	1.0006472863056364	15.134063364588194	8.17076717442274	0	0
7103	Multiflow (IFE)	MF_C3b_60	0	2024-10-11T13:06:11.424725Z		20.398023582883066	810	0	3.9999142325467387	4	60	100	20.398023582883066	988.4949195500867	20.06158191770315	7.8607866265475765	1	60	0.9998933038126724	20	8.25	998	79.60197641711693	47.58129188488935	3039.766272353448	0.9998933038126724	20.398023582883066	8.188719853013755	0	0
7104	Multiflow (IFE)	MF_C3b_60	0	2024-10-11T13:06:12.496493Z		28.38766482522912	810	0	2.4995484774540975	2.5	60	100	28.38766482522912	725.7261875230488	19.89964864373207	7.822891673833132	1	60	1.0005830250533343	20	8.25	998	71.61233517477088	47.34158357199886	3420.661222683282	1.0005830250533343	28.38766482522912	8.170963904827833	0	0
7105	Multiflow (IFE)	MF_C3b_60	0	2024-10-11T13:06:13.490144Z		35.80370847824367	810	0	1.748613823015906	1.75	60	100	35.80370847824367	591.9874791812081	19.60156072974205	7.703303233921528	1	60	1.000291536050425	19.5	8	998	64.19629152175634	46.58511493649402	3881.7548480193277	1.000291536050425	35.80370847824367	8.08472654083371	0	0
7106	Multiflow (IFE)	MF_C3b_60	0	2024-10-11T13:06:14.532072Z		50.74091955585313	810	0	1.000618086848657	1	60	100	50.74091955585313	435.7139968978681	19.548879977464672	7.7843185438215725	1	60	1.0003227742618783	19.5	8.25	998	49.25908044414687	47.09758538079774	4934.992444351453	1.0003227742618783	50.74091955585313	8.235592623353003	0	0
7301	Multiflow (IFE)	MF_C3b_60	0	2024-10-11T13:12:51.436373Z		0	812.4442612108589	2.3051417906683445	8.571593373767714	8.5	60	0	2.3051417906683445	375.52106687757146	26.32682420194149	8.061999180525541	0	60	0	26.25	8.25	998	97.69485820933166	48.85408201633236	939.6325449291302	0.07057423705220793	2.3051417906683445	8.170877967000006	0	0.07057423705220793
7302	Multiflow (IFE)	MF_C3b_60	0	2024-10-11T13:12:52.432412Z		0	811.3963486021757	3.4660672977782245	6.430448331591575	6.5	60	0	3.4660672977782245	237.69189427871868	21.258782418370245	8.024003496527673	0	60	0	21.25	8.25	998	96.53393270222178	48.613736517635445	874.9031912435203	0.07041664253606378	3.4660672977782245	8.125064644575119	0	0.07041664253606378
7303	Multiflow (IFE)	MF_C3b_60	0	2024-10-11T13:12:53.432904Z		0	810.8156423191726	6.611725768432408	4.289610630965102	4.25	60	0	6.611725768432408	147.26015395615138	19.983988308906554	7.995530748307705	0	60	0	20	8	998	93.38827423156759	48.43362930149522	986.5199116111503	0.07156554853330359	6.611725768432408	8.104093781083822	0	0.07156554853330359
7304	Multiflow (IFE)	MF_C3b_60	0	2024-10-11T13:12:54.524531Z		0	810.745961727351	8.634672441466927	3.4992320169410718	3.5	60	0	8.634672441466927	116.04031763913622	19.346014874577524	7.983545730888844	0	60	0	19.25	8	998	91.36532755853307	48.35781687531047	1085.5971982013186	0.0709582086792664	8.634672441466927	8.100466098994016	0	0.0709582086792664
7305	Multiflow (IFE)	MF_C3b_60	0	2024-10-11T13:12:55.536571Z		0	810.7163020536303	10.869711267886506	2.8601128755298886	2.75	60	0	10.869711267886506	94.99109235149126	23.11746917843819	8.007153481781483	0	60	0	23	8.25	998	89.1302887321135	48.50715006435695	1210.3012064295888	0.07049617435025049	10.869711267886506	8.134850905567408	0	0.07049617435025049
7306	Multiflow (IFE)	MF_C3b_60	0	2024-10-11T13:12:56.548931Z		0	810.704165842086	14.970624742989665	2.13897052785839	2.25	60	0	14.970624742989665	99.4455750064808	22.16352725446224	8.015193277090788	0	60	0	22.25	8.25	998	85.02937525701033	48.55800659356549	1480.4284600982971	0.07065146188519505	14.970624742989665	8.163720101088284	0	0.07065146188519505
7307	Multiflow (IFE)	MF_C3b_60	0	2024-10-11T13:12:57.524883Z		1.4042232053293597	810.423290680498	4.2314714149014	8.569764244577803	8.5	60	24.91659502430354	5.635694620230775	154.88472490921185	21.882106197774412	8.039987720400095	0	60	0.017769050559957717	22	8.25	998	94.36430537976922	48.71484632416284	955.6774670229844	0.07131412033877768	5.635694620230775	8.149299823731184	0	0.05354506977881997
7308	Multiflow (IFE)	MF_C3b_60	0	2024-10-11T13:12:58.498773Z		1.8210582583561747	810.4073903153836	5.269361873538941	6.429549515783799	6.5	60	25.683361838665085	7.090420131895132	62.93212690730081	20.71479065746069	8.009324917554856	0	60	0.018153274190525214	20.75	8	998	92.90957986810487	48.520885698485	962.9381965452599	0.07068106700578551	7.090420131895132	8.116048002570867	0	0.052527792815260294
7309	Multiflow (IFE)	MF_C3b_60	0	2024-10-11T13:12:59.611149Z		2.5016062868434976	810.3828435957432	7.3126630627853295	4.290898174327486	4.25	60	25.48948065031565	9.814269349628848	37.27660743609863	19.634768106937408	7.9906295846104625	0	60	0.018037425510317468	19.75	8	998	90.18573065037116	48.40262650041194	1123.4603696459192	0.07076419389539074	9.814269349628848	8.108366023927926	0	0.052726768385073265
7310	Multiflow (IFE)	MF_C3b_60	0	2024-10-11T13:13:00.636060Z		2.9628966152717644	810.359606730938	8.603137976750793	3.499986631597313	3.5	60	25.617220765666428	11.566034592022598	39.53815245986402	21.751317917704583	7.9971383897066115	0	60	0.018067959430823784	21.75	8.25	998	88.4339654079774	48.443798597928144	1246.7435813371196	0.07053052162098486	11.566034592022598	8.12585787782073	0	0.05246256219016107
7311	Multiflow (IFE)	MF_C3b_60	0	2024-10-11T13:13:01.619186Z		3.3914203609638047	810.4149353186788	10.176103410551306	2.8591258838485136	2.75	60	24.996605261780036	13.56752377151505	45.26935788946571	22.84703599482775	8.014126789450646	0	60	0.018032000493505135	22.75	8.25	998	86.43247622848494	48.551260419349006	1389.6037872024535	0.07213779753155591	13.56752377151505	8.157654412537813	0	0.05410579703805078
7312	Multiflow (IFE)	MF_C3b_60	0	2024-10-11T13:13:02.594957Z		4.62111148044113	810.3932133865358	14.10925807515642	2.142075363894507	2.25	60	24.67175816645925	18.730369555597502	110.20612750216424	21.878274218738078	8.034007291406393	0	60	0.01763949188168977	22	8.25	998	81.2696304444025	48.67701652252028	1809.03629973095	0.07149669578745425	18.730369555597502	8.207986698001623	0	0.053857203905764484
7313	Multiflow (IFE)	MF_C3b_60	0	2024-10-11T13:13:03.593122Z		2.331401165785145	810.6791420379282	3.397773110645835	8.56779582320332	8.5	60	40.693493569853544	5.729174276430987	174.63559196501296	22.60326912790537	8.055176236271858	0	60	0.028144918632627247	22.5	8.25	998	94.27082572356902	48.810922800161265	997.0525765531407	0.06916319087795769	5.729174276430987	8.168114923149348	0	0.041018272245330445
7314	Multiflow (IFE)	MF_C3b_60	0	2024-10-11T13:13:04.629071Z		2.9050365528518927	810.67083346501	4.541676701804681	6.430277877940436	6.5	60	39.01098986234378	7.446713254656557	89.62304641550554	21.391507209837435	8.027805254638196	0	60	0.02807737723019199	21.5	8.25	998	92.55328674534344	48.63778491873937	1030.9112197041195	0.07197299358275012	7.446713254656557	8.140692167699338	0	0.043895616352558134
7315	Multiflow (IFE)	MF_C3b_60	0	2024-10-11T13:13:05.680388Z		3.9607406869347974	810.7330630280078	6.197624445636137	4.291066672256214	4.25	60	38.98994213385202	10.158365132570932	89.38411156961683	20.23992728918791	8.009867447197436	0	60	0.027974155023508085	20.25	8.25	998	89.84163486742906	48.5243175239921	1222.0659634907531	0.0717471057727481	10.158365132570932	8.136809351772069	0	0.04377295074924001
7316	Multiflow (IFE)	MF_C3b_60	0	2024-10-11T13:13:06.707491Z		4.708142299209462	810.79670211792	7.188532339596721	3.4994968276882212	3.5	60	39.57528000178974	11.896674638806168	89.18164275433605	19.754404751956464	8.006022162377835	0	60	0.027934070161262193	19.75	8.25	998	88.10332536119384	48.499993790337236	1346.0749193498275	0.070584643140867	11.896674638806168	8.142282066851854	0	0.04265057297960481
7317	Multiflow (IFE)	MF_C3b_60	0	2024-10-11T13:13:07.820975Z		5.718011036982323	810.6689233419299	8.8653024025703	2.8594857754929413	2.75	60	39.20927202643832	14.583313439552564	77.2164297252782	19.585555191636082	8.004398289352656	0	60	0.02764885223435029	19.5	8.25	998	85.41668656044743	48.48972181912916	1523.9763514948775	0.07051610704658587	14.583313439552564	8.157567418783904	0	0.04286725481223558
7318	Multiflow (IFE)	MF_C3b_60	0	2024-10-11T13:13:08.844683Z		7.710707745402757	810.7002544161676	12.142374745461504	2.1406573225157137	2.25	60	38.83884403820393	19.85308249086425	123.81280058757875	19.578580719530585	8.025785400152206	0	60	0.02736179544401267	19.5	8.25	998	80.14691750913575	48.62500812720279	1944.2525039501259	0.07044956182809707	19.85308249086425	8.207580731958151	0	0.043087766384084396
7319	Multiflow (IFE)	MF_C3b_60	0	2024-10-11T13:13:10.020838Z		3.010863792765653	808.8101608636975	3.063436767602652	8.569034121965995	8.5	60	49.56725079443704	6.0743005603683065	185.32031231309418	22.315009899139408	8.051117650777101	0	60	0.03478858914163658	22.25	8.25	998	93.9256994396317	48.785249811755634	1040.7035353181811	0.0701846250983541	6.0743005603683065	8.167587965875864	0	0.035396035956717524
7320	Multiflow (IFE)	MF_C3b_60	0	2024-10-11T13:13:11.038267Z		3.8988004663327738	808.6296498602629	3.7555054062930906	6.430033246749046	6.5	60	50.93604215995692	7.654305872625852	120.86871165597029	21.282416699528692	8.03169681596756	0	60	0.03626201329919776	21.25	8.25	998	92.34569412737414	48.6624013790844	1091.650080599519	0.07119126606916651	7.654305872625852	8.149399292558432	0	0.03492925276996874
7321	Multiflow (IFE)	MF_C3b_60	0	2024-10-11T13:13:12.030274Z		5.484832466922959	808.5860208958388	5.383117788206469	4.2911801410690575	4.25	60	50.467957049529375	10.867950255129436	90.1023059967199	20.34993877619505	8.018814213514329	0	60	0.03592083829753097	20.25	8.25	998	89.13204974487056	48.58091118900624	1293.4604198700254	0.0711755347304393	10.867950255129436	8.150407571822404	0	0.035254696432908336
7322	Multiflow (IFE)	MF_C3b_60	0	2024-10-11T13:13:13.074499Z		6.373432977690509	808.6010091027617	6.2628073892666345	3.4988325007752756	3.5	60	50.43773141856791	12.636240366957153	97.96069249787456	21.941779101789	8.028334096252918	0	60	0.03594947277961782	22	8.25	998	87.36375963304285	48.64113015925746	1430.345495248387	0.07127495977422876	12.636240366957153	8.17135563635826	0	0.03532548699461094
7323	Multiflow (IFE)	MF_C3b_60	0	2024-10-11T13:13:14.151029Z		7.528076127051683	808.547959792614	7.54018296935661	2.8589784314293576	2.75	60	49.959826671988246	15.068259096408259	112.3813866040532	22.081647454500196	8.035662927120924	0	60	0.03594573277143494	22	8.25	998	84.93174090359174	48.68748941179612	1620.852448156603	0.07194927437886647	15.068259096408259	8.195423528105021	0	0.03600354160743154
7324	Multiflow (IFE)	MF_C3b_60	0	2024-10-11T13:13:15.168280Z		10.13406178867654	808.4662181580065	10.009813227461605	2.13981903888426	2.25	60	50.30840282993058	20.143875016138157	168.98128273641282	22.796293373405934	8.053899275779724	0	60	0.03568862903575975	22.75	8.25	998	79.85612498386185	48.802845258872225	2048.142826997228	0.07093969799917219	20.143875016138157	8.245256912589074	0	0.03525106896341243
7325	Multiflow (IFE)	MF_C3b_60	0	2024-10-11T13:13:16.177596Z		4.830151991746163	808.5153913637995	1.6093114842365657	8.571033150772191	8.5	60	75.00860917623308	6.439463475982707	223.89175387730018	24.472650675177576	8.09979220572114	0	60	0.052900979671118654	24.5	8.25	998	93.5605365240173	49.09314557650965	1134.3951783387877	0.07052654388888555	6.439463475982707	8.224421878367663	0	0.01762556421776689
7326	Multiflow (IFE)	MF_C3b_60	0	2024-10-11T13:13:17.200421Z		6.300908657279709	808.903128913641	2.0073206133169563	6.430044393653652	6.5	60	75.83936904075351	8.308229270596655	149.27839910082002	22.509186746478083	8.075339350402356	0	60	0.053085090823699124	22.5	8.25	998	91.69177072940334	48.938466594905144	1202.8730289240486	0.06999674640643831	8.308229270596655	8.202624376535415	0	0.016911655582739188
7327	Multiflow (IFE)	MF_C3b_60	0	2024-10-11T13:13:18.369804Z		8.912590748226794	809.3433897906541	3.0569805632296445	4.289275901378889	4.25	60	74.46040059677227	11.969571311456411	99.29375623939791	20.93321282655001	8.053962338268757	0	60	0.05282141484339544	21	8.25	998	88.0304286885436	48.80324416695285	1430.324192380771	0.07093893454782883	11.969571311456411	8.198490146934985	0	0.018117519704433396
7328	Multiflow (IFE)	MF_C3b_60	0	2024-10-11T13:13:19.338490Z		10.206440027848691	809.1747916561366	3.3276096624497717	3.500313123426107	3.5	60	75.41305271817438	13.534049690298447	127.29505000490803	20.381290588676926	8.049373554289339	0	60	0.052907107556931274	20.5	8.25	998	86.46595030970155	48.774217355012645	1579.9508833165557	0.07015643267306798	13.534049690298447	8.2065791580379	0	0.017249325116136707
7329	Multiflow (IFE)	MF_C3b_60	0	2024-10-11T13:13:20.595949Z		12.2956431986676	809.1113937950134	4.30595585857139	2.859939912891169	2.75	60	74.06300535433179	16.60159905723901	127.13343588909038	20.144313644468788	8.053303988844156	0	60	0.05384186133052001	20.25	8.25	998	83.39840094276099	48.7990797118326	1811.7171474695072	0.07269737579906473	16.60159905723901	8.226485875546931	0	0.018855514468544717
7330	Multiflow (IFE)	MF_C3b_60	0	2024-10-11T13:13:21.651347Z		16.408174432587643	809.0265947446227	5.612698631518295	2.1389904742495354	2.25	60	74.51191596637013	22.02087306410599	76.78632376332553	19.967421602308754	8.067660212367773	0	60	0.05265043495595347	20	8.25	998	77.97912693589402	48.88989143935358	2178.1180157233052	0.0706604229311678	22.02087306410599	8.268757328480481	0	0.018009987975214328
7331	Multiflow (IFE)	MF_C3b_60	0	2024-10-11T13:13:22.687697Z		2.8767654472559716	810	0	8.569314960144713	8.5	60	100	2.8767654472559716	593.0311293930803	20.538740828633312	8.06828636866808	0	60	0.07086343685301029	20.5	8.25	998	97.12323455274402	48.893852253646806	1240.382167137371	0.07086343685301029	2.8767654472559716	8.198325152665376	0	0
7332	Multiflow (IFE)	MF_C3b_60	0	2024-10-11T13:13:23.661950Z		3.8838639580193264	810	0	6.432230678877969	6.5	60	100	3.8838639580193264	435.1810833382996	19.627325611412527	8.034577358394863	0	60	0.07166477974843426	19.75	8.25	998	96.11613604198067	48.68062253826255	1161.9966158378086	0.07166477974843426	3.8838639580193264	8.156815358132125	0	0
7333	Multiflow (IFE)	MF_C3b_60	0	2024-10-11T13:13:24.767371Z		6.006359664934543	810	0	4.289867515957576	4.25	60	100	6.006359664934543	286.68959653121976	19.016060560345647	8.015392263263463	0	60	0.07176842768641238	19	8.25	998	93.99364033506546	48.55926530049936	1183.7183192797786	0.07176842768641238	6.006359664934543	8.142335012972357	0	0
7334	Multiflow (IFE)	MF_C3b_60	0	2024-10-11T13:13:25.777446Z		7.252826876041536	810	0	3.500227562522819	3.5	60	100	7.252826876041536	239.87493004112207	18.65007524192333	8.00763084167242	0	60	0.07086495407175061	18.75	8.25	998	92.74717312395846	48.51016965208306	1237.0589962463089	0.07086495407175061	7.252826876041536	8.140028221964837	0	0
7335	Multiflow (IFE)	MF_C3b_60	0	2024-10-11T13:13:26.822547Z		8.633882006142938	810	0	2.859577706443285	2.75	60	100	8.633882006142938	208.39049391533513	19.590346280038354	8.010112435162068	0	60	0.07098176925015727	19.5	8.25	998	91.36611799385706	48.525867219861176	1317.100455856682	0.07098176925015727	8.633882006142938	8.14849485760927	0	0
7336	Multiflow (IFE)	MF_C3b_60	0	2024-10-11T13:13:27.791704Z		10.711367891966164	810	0	2.141061073092348	2.25	60	100	10.711367891966164	174.81546965630832	19.56628117710352	8.012522499412299	0	60	0.07084758995117944	19.5	8.25	998	89.28863210803384	48.54111232228244	1451.2205641127628	0.07084758995117944	10.711367891966164	8.16247488591075	0	0
7337	Multiflow (IFE)	MF_C3b_60	0	2024-10-11T13:13:28.786929Z		0	810	1.0309432093818514	8.5714400766289	8.5	60	0	1.0309432093818514	338.6041032187968	22.20946428775787	8.005029198795558	0	60	0	22.25	8	998	98.96905679061815	48.49371269990118	817.2898267425895	0.0210487392507851	1.0309432093818514	8.094164209187031	0	0.0210487392507851
7338	Multiflow (IFE)	MF_C3b_60	0	2024-10-11T13:13:29.996904Z		0	810	1.7807129983115122	6.429017007970704	6.5	60	0	1.7807129983115122	177.70424367942996	20.272595157325267	7.95486303794384	0	60	0	20.25	8	998	98.21928700168849	48.17638163281755	702.2486481667443	0.021031904057509015	1.7807129983115122	8.035681234210731	0	0.021031904057509015
7339	Multiflow (IFE)	MF_C3b_60	0	2024-10-11T13:13:30.927130Z		0	810	3.7572375561043656	4.288830590037085	4.25	60	0	3.7572375561043656	86.42524435851442	19.050072877109052	7.92324051991105	0	60	0	19	8	998	96.24276244389563	47.97635023274934	737.2593446258415	0.021009229253538042	3.7572375561043656	8.006648428171873	0	0.021009229253538042
7340	Multiflow (IFE)	MF_C3b_60	0	2024-10-11T13:13:31.898229Z		0	810	5.8148463344394825	3.498511768925961	3.5	60	0	5.8148463344394825	56.901877511530415	18.455324063897134	7.909174743920564	0	60	0	18.5	8	998	94.18515366556052	47.887375760143925	840.2322105922427	0.021019139675222797	5.8148463344394825	8.000229490220544	0	0.021019139675222797
7341	Multiflow (IFE)	MF_C3b_60	0	2024-10-11T13:13:32.870023Z		0	810	7.980532163089536	2.859158080518947	2.75	60	0	7.980532163089536	59.162574004786734	18.146678442955015	7.90526666805148	0	60	0	18.25	8	998	92.01946783691047	47.86265483542644	982.5210301962446	0.021025466033611488	7.980532163089536	8.006316274344922	0	0.021025466033611488
7342	Multiflow (IFE)	MF_C3b_60	0	2024-10-11T13:13:33.890095Z		0	810	12.005649629734044	2.1386733632261974	2.25	60	0	12.005649629734044	40.72971733837562	17.99590846478939	7.9143923913836485	0	60	0	18	8	998	87.99435037026595	47.920380510936404	1225.1419366083653	0.02100115207580333	12.005649629734044	8.039790336310862	0	0.02100115207580333
7343	Multiflow (IFE)	MF_C3b_60	0	2024-10-11T13:13:34.868481Z		1.1174223859682184	810	3.3584967508068257	8.569398522020743	8.5	60	24.965204951699228	4.475919136775048	127.23568292731557	20.50339028209448	7.9602003243565544	0	60	0.005250142171148018	20.5	8	998	95.52408086322495	48.21014317174982	844.3414655902366	0.021029838053825682	4.475919136775048	8.052080678641797	0	0.015779695882677663
7344	Multiflow (IFE)	MF_C3b_60	0	2024-10-11T13:13:35.949594Z		1.3979655809407683	810	4.192067864389089	6.431883934964165	6.5	60	25.008179192714476	5.590033445329879	-40.55948630482101	19.474145118892196	7.935553274363279	0	60	0.005256199175672837	19.5	8	998	94.40996655467012	48.05423579231236	751.8814786812985	0.021017920317861854	5.590033445329879	8.019532464534045	0	0.015761721142189017
7345	Multiflow (IFE)	MF_C3b_60	0	2024-10-11T13:13:37.024527Z		1.8969902134851828	810	5.695360728552714	4.2906913644994855	4.25	60	24.985544371793726	7.5923509420379185	-83.02042631117752	18.61371220946312	7.918137118667363	0	60	0.005255558461488319	18.5	8	998	92.40764905796208	47.94406815784227	846.1414461753097	0.021034396462545513	7.5923509420379185	8.007342157512904	0	0.015778838001057192
7346	Multiflow (IFE)	MF_C3b_60	0	2024-10-11T13:13:38.022312Z		2.3351242663109884	810	7.004502160372892	3.5002465639724347	3.5	60	25.002330496211254	9.339626426683832	-97.99017828491094	18.312594181001185	7.914563708424568	0	60	0.005259810036218372	18.25	8	998	90.66037357331616	47.92146419401045	951.1176481505894	0.02103727905290837	9.339626426683832	8.011613172650337	0	0.01577746901669
7347	Multiflow (IFE)	MF_C3b_60	0	2024-10-11T13:13:39.075783Z		2.8489694019845855	810	8.548120256049847	2.859167086528303	2.75	60	24.99734131665969	11.397089658034423	-81.38105665350326	18.07854552537203	7.919567968666554	0	60	0.00525968034677131	18	8	998	88.60291034196558	47.95311914259715	1109.3805017453658	0.02104095903697547	11.397089658034423	8.030078038662674	0	0.01578127869020416
7348	Multiflow (IFE)	MF_C3b_60	0	2024-10-11T13:13:40.170624Z		3.68527983828457	810	11.233632047692073	2.1397483653525216	2.25	60	24.70206853187891	14.918911885976618	79.67787874416354	18.039060980677604	7.940976257652044	0	60	0.005180719537952333	18	8	998	85.08108811402339	48.088539415403766	1512.783085944333	0.020972816633823308	14.918911885976618	8.088604891449211	0	0.015792097095870976
7349	Multiflow (IFE)	MF_C3b_60	0	2024-10-11T13:13:41.204590Z		1.8749085260381988	810	2.8222796877925798	8.57276200800016	8.5	60	39.91555033961747	4.6971882138307866	134.6965213930539	20.41052115023136	7.971023438870908	0	60	0.008385594440860657	20.5	8	998	95.30281178616922	48.278605864921815	878.7755538201421	0.021008339781144605	4.6971882138307866	8.063449585974215	0	0.012622745340283948
7350	Multiflow (IFE)	MF_C3b_60	0	2024-10-11T13:13:42.176289Z		2.260115165619953	810	3.404442405527216	6.42970148262239	6.5	60	39.899235504852385	5.664557571147178	-31.789965093525097	19.490350043773653	7.948302553772926	0	60	0.00839305823349617	19.5	8	998	94.33544242885282	48.134882634146024	779.8916844656833	0.021035636716586814	5.664557571147178	8.034055098861456	0	0.012642578483090642
7351	Multiflow (IFE)	MF_C3b_60	0	2024-10-11T13:13:43.169312Z		3.1246034674745267	810	4.706177193198927	4.2892489753689835	4.25	60	39.901557748468505	7.830780660673437	-44.03124129492301	18.646364610791206	7.933498117983342	0	60	0.008391152942282248	18.75	8	998	92.16921933932656	48.04123569511543	920.9352819059749	0.02102963747725943	7.830780660673437	8.026960063010453	0	0.012638484534977183
7352	Multiflow (IFE)	MF_C3b_60	0	2024-10-11T13:13:44.190937Z		3.863871327691081	810	5.818294243471073	3.4995626975140346	3.5	60	39.90709825495485	9.682165571162136	-61.684854360922145	18.250847636163236	7.928824110835791	0	60	0.008392974213884984	18.25	8	998	90.31783442883787	48.011669795502876	1034.7095247319487	0.02103128160375057	9.682165571162136	8.02967018958926	0	0.012638307389865586
7353	Multiflow (IFE)	MF_C3b_60	0	2024-10-11T13:13:45.256911Z		4.835451276560419	810	7.2897470489522345	2.859443910567692	2.75	60	39.879358231907226	12.12519832551266	-74.16062812693372	18.13786699384451	7.934875844180584	0	60	0.008388443442465915	18.25	8	998	87.87480167448734	48.049950639948705	1196.1904825806578	0.02103454973795033	12.12519832551266	8.052972891926766	0	0.012646106295484414
7354	Multiflow (IFE)	MF_C3b_60	0	2024-10-11T13:13:46.274873Z		6.158320940390986	810	9.288462201995753	2.140081662205753	2.25	60	39.86798340874116	15.446783142386742	142.5363783675905	18.158967858850957	7.95816909891367	0	60	0.008389705053040057	18.25	8	998	84.55321685761325	48.19729445208831	1650.0910549984935	0.02104371562269837	15.446783142386742	8.115424024999143	0	0.01265401056965831
7355	Multiflow (IFE)	MF_C3b_60	0	2024-10-11T13:13:47.312207Z		2.746959943336629	810	2.753750547426295	8.57011501025396	8.5	60	49.93827520916563	5.500710490762921	345.63992449919465	20.27361233443022	8.000912028580903	0	60	0.010490185705475588	20.25	8	998	94.49928950923707	48.46766912799136	1157.1640237061658	0.02100630360487546	5.500710490762921	8.109472299098968	0	0.010516117899399869
7356	Multiflow (IFE)	MF_C3b_60	0	2024-10-11T13:13:48.274073Z		3.1733170045476795	810	3.176757548660842	6.429698251058058	6.5	60	49.972909419532485	6.350074553208506	124.39243462022864	19.53496373385191	7.975319691985845	0	60	0.010494243695816969	19.5	8	998	93.6499254467915	48.305782243625664	996.3900647527644	0.020999865362482124	6.350074553208506	8.072089551836251	0	0.010505621666665155
7357	Multiflow (IFE)	MF_C3b_60	0	2024-10-11T13:13:49.216264Z		4.1331590927117965	810	4.139558837487597	4.2904932628612915	4.25	60	49.96132018020083	8.272717930199397	-13.550075960234608	18.74069726407528	7.9551559749841685	0	60	0.010511288639915219	18.75	8	998	91.72728206980061	48.17823463535986	997.2009263930146	0.021038852860579008	8.272717930199397	8.05375234928727	0	0.010527564220663789
7358	Multiflow (IFE)	MF_C3b_60	0	2024-10-11T13:13:50.591700Z		4.644904868773627	810	4.64667077799544	3.4998785814313096	3.5	60	49.99049725639157	9.2915756467691	-33.17339901269747	18.458950591385364	7.951995779007673	0	60	0.010508955060628534	18.5	8	998	90.7084243532309	48.15824449969094	1051.53979636668	0.021021905436807597	9.2915756467691	8.055624015808107	0	0.010512950376179062
7625	Multiflow (IFE)	MF_C3b_60	0	2024-10-11T13:13:51.618341Z		5.109296711108399	810	5.109129248326861	2.8597323091663966	2.75	60	50.00081941574071	10.218425959435251	7.882536006489545	18.137010241448884	7.946221602112056	0	60	0.010496940303072667	18.25	8	998	89.78157404056475	48.12171936632002	1159.7236985544396	0.02099353655745917	10.218425959435251	8.068114754617213	0	0.0104965962543865
7626	Multiflow (IFE)	MF_C3b_60	0	2024-10-11T13:13:52.621240Z		6.393483976074217	810	6.340861326016418	2.1389239293724236	2.25	60	50.20661702195699	12.734345302090633	30.298242769696117	18.730330200791364	7.961415535956621	0	60	0.010510300649706041	18.75	8	998	87.26565469790937	48.2178301142472	1366.2107268991458	0.020934094494177023	12.734345302090633	8.10861037066579	0	0.010423793844470982
7361	Multiflow (IFE)	MF_C3b_60	0	2024-10-11T13:13:53.640685Z		3.9470105627461334	810	1.319268578240915	8.570338460539713	8.5	60	74.948753324275	5.266279140987032	222.22975592051375	20.219211619198322	8.003285106241702	0	60	0.0157561518795167	20.25	8	998	94.73372085901296	48.48268026804251	1037.8746585576728	0.021022566995004932	5.266279140987032	8.105524437665938	0	0.005266415115488234
7362	Multiflow (IFE)	MF_C3b_60	0	2024-10-11T13:13:54.696922Z		4.366131021227203	810	1.457206207716834	6.429866246055516	6.5	60	74.97644133549394	5.823337228944034	50.25957941846377	19.922814298272133	7.9849159193933	0	60	0.015768552749474446	20	8	998	94.17666277105596	48.36648413971426	907.7085592517977	0.021031343270768964	5.823337228944034	8.076232720911504	0	0.005262790521294518
7363	Multiflow (IFE)	MF_C3b_60	0	2024-10-11T13:13:55.654923Z		5.509390648586223	810	1.8438443646184839	4.2912541301838205	4.25	60	74.92471869446092	7.353235013204706	-2.7249124391856867	19.735916699171064	7.970344026982784	0	60	0.0157585694019349	19.75	8	998	92.64676498679529	48.2743081770823	971.2524411646314	0.02103253729413055	7.353235013204706	8.068803382337094	0	0.00527396789219565
7364	Multiflow (IFE)	MF_C3b_60	0	2024-10-11T13:13:56.643636Z		6.284834395485573	810	2.103905145084281	3.4986799738555234	3.5	60	74.91988951487508	8.388739540569853	-1.5523972074367975	19.575921579003335	7.970739194124937	0	60	0.01574789530816569	19.5	8	998	91.61126045943014	48.2768078463567	1051.8413869437898	0.021019645664371943	8.388739540569853	8.07519747209549	0	0.005271750356206254
7365	Multiflow (IFE)	MF_C3b_60	0	2024-10-11T13:13:57.645439Z		6.909099614944395	810	2.3273894254038097	2.8594340909015257	2.75	60	74.80222825754501	9.236489040348248	22.11694599765019	19.52718307644129	7.9728703965246694	0	60	0.015661053751969765	19.5	8	998	90.76351095965175	48.29028898025645	1140.44648657937	0.02093661394423781	9.236489040348248	8.092599381476642	0	0.005275560192268043
7366	Multiflow (IFE)	MF_C3b_60	0	2024-10-11T13:13:58.599894Z		8.082468182359014	810	2.692612861773854	2.1392554633605387	2.25	60	75.01074144365711	10.77508104413286	49.805471888184684	19.676069306731222	7.977312426120044	0	60	0.01582440997969735	19.75	8	998	89.22491895586714	48.318387482664946	1286.6553254218597	0.021096191925503834	10.77508104413286	8.117522835940122	0	0.005271781945806486
7367	Multiflow (IFE)	MF_C3b_60	0	2024-10-11T13:13:59.853112Z		1.5692525597759694	810	0	8.571458667805903	8.5	60	100	1.5692525597759694	433.6902142487726	22.579203638136384	8.031568690925837	0	60	0.020992837081952397	22.5	8.25	998	98.43074744022402	48.66159091132048	973.6699152079273	0.020992837081952397	1.5692525597759694	8.134256328374146	0	0
7368	Multiflow (IFE)	MF_C3b_60	0	2024-10-11T13:14:00.875093Z		2.1944297260757213	810	0	6.433086007415007	6.5	60	100	2.1944297260757213	283.46756657452045	21.391802426576614	8.00964124199748	0	60	0.021080631861527595	21.5	8	998	97.80557027392427	48.52288664037926	872.7171685122199	0.021080631861527595	2.1944297260757213	8.105045181304217	0	0
7369	Multiflow (IFE)	MF_C3b_60	0	2024-10-11T13:14:01.860087Z		4.178692669988227	810	0	4.289290895565857	4.25	60	100	4.178692669988227	180.689012293725	20.397930498719216	7.988803787112237	0	60	0.021213204359027467	20.5	8	998	95.82130733001178	48.391077235757166	928.9257959027354	0.021213204359027467	4.178692669988227	8.089871271371843	0	0
7370	Multiflow (IFE)	MF_C3b_60	0	2024-10-11T13:14:02.820038Z		5.3677889938529235	810	0	3.4991474384199877	3.5	60	100.00000000000001	5.3677889938529235	160.17078048968938	19.9433255854249	7.981970162957905	0	60	0.02098731722119444	20	8	998	94.63221100614707	48.34785046280653	1003.9915849367744	0.02098731722119444	5.3677889938529235	8.090157494544984	0	0
7371	Multiflow (IFE)	MF_C3b_60	0	2024-10-11T13:14:03.811661Z		6.597044617158168	810	0	2.85989769051162	2.75	60	100	6.597044617158168	143.59582960796536	19.73238074988127	7.979605786114931	0	60	0.020854748989539186	19.75	8	998	93.40295538284184	48.33289436064861	1086.4739103900108	0.020854748989539186	6.597044617158168	8.09613273602724	0	0
7372	Multiflow (IFE)	MF_C3b_60	0	2024-10-11T13:14:04.785671Z		8.518911114235397	810	0	2.1393171833024183	2.25	60	100.00000000000001	8.518911114235397	146.52250301521167	19.729546707868575	7.982540961652996	0	60	0.02067998245401287	19.75	8	998	91.4810888857646	48.351461107032186	1244.602909787207	0.02067998245401287	8.518911114235397	8.112702323883772	0	0
7373	Multiflow (IFE)	MF_C3b_60	0	2024-10-11T13:14:05.786547Z		0	810	0.6091792940460893	8.569303457844402	8.5	60	0	0.6091792940460893	282.84356557931795	25.171142485439777	8.023707258284093	0	60	0	25.25	8	998	99.39082070595391	48.611862633001856	735.2407735838875	0.007014985041446597	0.6091792940460893	8.105726752251385	0	0.007014985041446597
7374	Multiflow (IFE)	MF_C3b_60	0	2024-10-11T13:14:06.927994Z		0	810	0.9866713878402757	6.429664746856472	6.5	60	0	0.9866713878402757	144.6701917837757	24.74892465770245	8.015964284420013	0	60	0	24.75	8	998	99.01332861215973	48.56288367752723	621.0735921573245	0.007010826116685711	0.9866713878402757	8.091342613071202	0	0.007010826116685711
7375	Multiflow (IFE)	MF_C3b_60	0	2024-10-11T13:14:08.021159Z		0	810	1.944278172837888	4.2901518274497565	4.25	60	0	1.944278172837888	42.39816177487239	24.24677294015884	8.002854099899531	0	60	0	24.25	8	998	98.05572182716212	48.479953894324474	580.0578012426512	0.007016069714700163	1.944278172837888	8.075643497109413	0	0.007016069714700163
7376	Multiflow (IFE)	MF_C3b_60	0	2024-10-11T13:14:09.047742Z		0	810	3.8051640847684527	3.501645664867058	3.5	60	0	3.8051640847684527	29.748448103054898	23.624252939820288	7.99494194215536	0	60	0	23.5	8	998	96.19483591523155	48.42990474929795	687.3919230711523	0.007017824808577644	3.8051640847684527	8.0753200981915	0	0.007017824808577644
7377	Multiflow (IFE)	MF_C3b_60	0	2024-10-11T13:14:10.271623Z		0	810	5.725070920800821	2.8605720060651616	2.75	60	0	5.725070920800821	73.66838808051841	23.458572714924813	7.995016708344221	0	60	0	23.5	8	998	94.27492907919918	48.43037769030221	855.5351222091	0.00702330776386356	5.725070920800821	8.08756785467267	0	0.00702330776386356
7378	Multiflow (IFE)	MF_C3b_60	0	2024-10-11T13:14:11.215911Z		0	810	10.90333123640679	2.1386840728202117	2.25	60	0	10.90333123640679	10.303773755657403	23.30009380102158	8.00142094823718	0	60	0	23.25	8	998	89.09666876359321	48.47088835016911	1127.514426214889	0.007017438536519729	10.90333123640679	8.120703296780587	0	0.007017438536519729
7379	Multiflow (IFE)	MF_C3b_60	0	2024-10-11T13:14:12.241073Z		1.0731477601395532	810	3.228407927609248	8.570766952879907	8.5	60	24.94789880777255	4.301555687748807	25.44270960991082	26.388245586454865	8.04935932174325	0	60	0.0017494752686718325	26.5	8.25	998	95.6984443122512	48.7741273256191	735.1419728798232	0.00701251549139193	4.301555687748807	8.131154598772527	0	0.005263040222720098
7380	Multiflow (IFE)	MF_C3b_60	0	2024-10-11T13:14:13.179619Z		1.1079817139592651	810	3.334093802917716	6.432249035556305	6.5	60	24.94288333797249	4.442075516876985	-82.75342854618543	26.537644526064394	8.051615565657617	0	60	0.001750709949797622	26.5	8.25	998	95.55792448312302	48.78839942212382	636.7056990762081	0.007018875588983653	4.442075516876985	8.126210363715888	0	0.0052681656391860305
7381	Multiflow (IFE)	MF_C3b_60	0	2024-10-11T13:14:14.153844Z		1.5423598498733857	810	4.627601996375984	4.289173501276914	4.25	60	24.997883103782417	6.169961846249359	-144.51447983343223	25.25512404382229	8.034796840548514	0	60	0.0017543603044455518	25.25	8	998	93.83003815375064	48.68201089457368	692.7773962400876	0.007018035475892359	6.169961846249359	8.113016789227725	0	0.005263675171446807
7382	Multiflow (IFE)	MF_C3b_60	0	2024-10-11T13:14:15.149228Z		1.7249531208416486	810	5.179633556382148	3.5006029007853408	3.5	60	24.982713687001112	6.904586677223802	-61.38773659386459	24.793481856882572	8.027800845384599	0	60	0.0017547672068901512	24.75	8	998	93.0954133227762	48.63775702756482	825.9855638410239	0.007023925538574232	6.904586677223802	8.115367750465868	0	0.005269158331684082
7383	Multiflow (IFE)	MF_C3b_60	0	2024-10-11T13:14:16.106891Z		2.1686585440665076	810	6.5104655574613215	2.8602009280092107	2.75	60	24.987066882529675	8.679124101527785	-13.66608616886026	24.612397607862945	8.029336323857308	0	60	0.0017544619956408494	24.5	8.25	998	91.32087589847221	48.64746985019179	995.6520243102732	0.007021480367779881	8.679124101527785	8.132479331970215	0	0.005267018372139032
7635	Multiflow (IFE)	MF_C3b_60	0	2024-10-11T13:14:17.129233Z		3.7648770625108217	810	11.297395291104253	2.1409307279658214	2.25	60	24.995412206891935	15.062272353615125	14.183959877090274	21.871687678992746	8.02734795537591	0	60	0.001755186741864502	21.75	8.25	998	84.93772764638487	48.634892226525864	1461.782696423085	0.007022035593317993	15.062272353615125	8.173673876017332	0	0.005266848851453491
7385	Multiflow (IFE)	MF_C3b_60	0	2024-10-11T13:14:18.098101Z		1.6678662726173785	810	2.509658144624091	8.570879102350592	8.5	60	39.924752222482915	4.177524417241473	34.187068214843634	27.852502356171605	8.089144404768945	0	60	0.0028120205795889317	27.75	8.25	998	95.82247558275853	49.025791846806435	747.4125933137557	0.0070433012681426046	4.177524417241473	8.171278485238552	0	0.004231280688553673
7386	Multiflow (IFE)	MF_C3b_60	0	2024-10-11T13:14:19.155083Z		1.8445435446731548	810	2.7766334396126418	6.430280574558003	6.5	60	39.91501625982896	4.621176984285813	-97.34037975712272	27.08203571945429	8.078983925342559	0	60	0.002810835164755573	27	8.25	998	95.37882301571419	48.96152071814689	646.8684347112983	0.007042049404310121	4.621176984285813	8.154035103112458	0	0.004231214239554548
7387	Multiflow (IFE)	MF_C3b_60	0	2024-10-11T13:14:20.587435Z		2.4910750195948133	810	3.752212114464086	4.292142859710447	4.25	60	39.900055309090206	6.243287134058914	-121.93361176632789	26.24836219638586	8.065699802815914	0	60	0.002811526145204229	26.25	8.25	998	93.75671286594108	48.877490672692346	736.8107672325987	0.007046421673916063	6.243287134058914	8.146816131174564	0	0.0042348955287118345
7388	Multiflow (IFE)	MF_C3b_60	0	2024-10-11T13:14:21.675451Z		2.7807502618750988	810	4.193744703174967	3.4991875310446914	3.5	60	39.87027413181506	6.974494965050064	-4.208063125180161	23.898762050569054	8.015511667490006	0	60	0.0028124087856218213	24	8	998	93.02550503494993	48.56002060387478	903.9358804980567	0.007053898792678776	6.974494965050064	8.106716275632381	0	0.0042414900070569545
7389	Multiflow (IFE)	MF_C3b_60	0	2024-10-11T13:14:22.625673Z		3.5911519213181493	810	5.392381109986051	2.8612175372434483	2.75	60	39.97482848679191	8.98353303130423	39.69695771477177	24.01758373767138	8.022896242469548	0	60	0.002813637431545528	24	8.25	998	91.01646696869577	48.60673247136537	1091.1099048220992	0.007038522835626882	8.98353303130423	8.131931168317795	0	0.004224885404081354
7636	Multiflow (IFE)	MF_C3b_60	0	2024-10-11T13:14:23.635024Z		5.674463560207744	810	8.546130861037815	2.1413688505378974	2.25	60	39.90313901175668	14.22059442124561	115.40616905502065	22.03008172869682	8.034524242788553	0	60	0.002812115487037361	22	8.25	998	85.77940557875439	48.68028655018327	1539.3929466549896	0.007047354059561145	14.22059442124561	8.191425234645607	0	0.004235238572523784
7391	Multiflow (IFE)	MF_C3b_60	0	2024-10-11T13:14:24.661239Z		2.127794114386142	810	2.1296827938091796	8.571052278965752	8.5	60	49.97781926404107	4.257476908195302	48.72019258300861	21.906370251476766	8.032620030075313	0	60	0.0035059762576360727	22	8	998	95.7425230918047	48.6682412622444	771.5522767792685	0.0070150645011408394	4.257476908195302	8.11594336000085	0	0.0035090882435047667
7392	Multiflow (IFE)	MF_C3b_60	0	2024-10-11T13:14:25.610451Z		2.178313901099854	810	2.1817879433488296	6.432516248090108	6.5	60	49.9601609965442	4.360101844448674	-64.90399541142074	20.962738768756388	7.9932792758941655	0	60	0.0035064498092464537	21	8	998	95.63989815555132	48.41938738759613	663.3508136479824	0.0070184918128846675	4.360101844448674	8.069492105126379	0	0.0035120420036382134
7393	Multiflow (IFE)	MF_C3b_60	0	2024-10-11T13:14:26.584709Z		3.2772990410479905	810	3.2801812305269995	4.290132654338164	4.25	60	49.978023651161415	6.557480271574964	-121.27561695701706	21.435369825363157	7.981155016869306	0	60	0.0035059693859375825	21.5	8	998	93.44251972842504	48.342694174708484	766.0973355781343	0.00701502206331464	6.557480271574964	8.063260113298892	0	0.0035090526773770576
7394	Multiflow (IFE)	MF_C3b_60	0	2024-10-11T13:14:27.626887Z		3.629266813689423	810	3.6450009971997335	3.4989419735514	3.5	60	49.891850397047754	7.274267810889133	51.40657368368602	21.777004098296167	7.984710659950972	0	60	0.0035064958509647324	21.75	8	998	92.72573218911087	48.365185750585866	990.9603382966698	0.007028193628938289	7.274267810889133	8.082495484411716	0	0.0035216977779735565
7395	Multiflow (IFE)	MF_C3b_60	0	2024-10-11T13:14:28.574303Z		4.630887986294513	810	4.648049836846302	2.8596091429666277	2.75	60	49.90752254795267	9.278937823140806	114.58486676464281	21.766342827975752	7.99197080218792	0	60	0.0035064684798462756	21.75	8	998	90.72106217685919	48.41111050631991	1200.2051555637172	0.007025931765050356	9.278937823140806	8.10948268789053	0	0.003519463285204081
7396	Multiflow (IFE)	MF_C3b_60	0	2024-10-11T13:14:29.606525Z		7.311887247416935	810	7.332185418675991	2.142282957054745	2.25	60	49.93069492441791	14.644072666092939	184.67157584536676	21.873288100361822	8.012741523593665	0	60	0.0035034851694217928	21.75	8.25	998	85.35592733390706	48.54249778164409	1661.2023525007623	0.007016696192042107	14.644072666092939	8.17132210111618	0	0.003513211022620314
7397	Multiflow (IFE)	MF_C3b_60	0	2024-10-11T13:14:30.678315Z		3.9719079161181554	810	1.3380114039364093	8.567980166892953	8.5	60	74.80166226098787	5.309919320054555	-36.58785642394628	21.035685729086403	8.01548730316758	0	60	0.00525582493734833	21	8	998	94.69008067994544	48.559866484916846	782.8989948403956	0.007026347782232986	5.309919320054555	8.099328303724528	0	0.001770522844884656
7398	Multiflow (IFE)	MF_C3b_60	0	2024-10-11T13:14:31.691400Z		3.397445477661019	810	1.1381363911054339	6.4294852169302406	6.5	60	74.90649658552024	4.5355818687664575	-88.08896353542286	21.09650965154171	7.991503218054771	0	60	0.005252241021547085	21	8	998	95.46441813123354	48.408152756127265	670.9004680179465	0.007011729637563061	4.5355818687664575	8.06745160484314	0	0.001759488616015976
7399	Multiflow (IFE)	MF_C3b_60	0	2024-10-11T13:14:32.665296Z		4.914532397071355	810	1.649167496074745	4.288759003676008	4.25	60	74.87442261342841	6.5636998931460955	-225.2776711722796	21.587977665662766	7.981430047750473	0	60	0.005251739043398779	21.5	8	998	93.4363001068539	48.34443391005039	688.6613339551441	0.007014062826919086	6.5636998931460955	8.059649199157953	0	0.0017623237835203067
7627	Multiflow (IFE)	MF_C3b_60	0	2024-10-11T13:14:33.788860Z		4.790306961002211	810	1.5993384347082404	3.4997606064151574	3.5	60	74.96984048939683	6.389645395710458	-34.376984376516134	19.350349403619767	7.953688661605119	0	60	0.005253340675900733	19.25	8	998	93.61035460428954	48.16895299784934	864.9195988796668	0.0070072720464754434	6.389645395710458	8.04959583082795	0	0.0017539313705747103
7628	Multiflow (IFE)	MF_C3b_60	0	2024-10-11T13:14:34.746082Z		5.0409091744932	810	1.6881467577791798	2.860740418727645	2.75	60	74.91257652231916	6.7290559322723915	16.040839195878334	19.68030605196953	7.960750537246464	0	60	0.005254411893200502	19.75	8	998	93.27094406772761	48.21362359840624	941.6616467273924	0.007014058436015779	6.7290559322723915	8.068137832552194	0	0.001759646542815277
7402	Multiflow (IFE)	MF_C3b_60	0	2024-10-11T13:14:35.759999Z		6.135615452738886	810	2.058455405661654	2.139290004851685	2.25	60	74.8787209528299	8.194070858400542	59.04882240309712	22.722231025993825	7.997008722901344	0	60	0.005257091889071537	22.75	8	998	91.80592914159946	48.442978377584744	1098.7576016625712	0.0070208088789113525	8.194070858400542	8.124103362709283	0	0.0017637169898398152
7403	Multiflow (IFE)	MF_C3b_60	0	2024-10-11T13:14:36.764065Z		0.9777148225233293	810	0	8.57202494637991	8.5	60	100	0.9777148225233293	406.163952630617	21.045839259922506	8.025512080192566	0	60	0.007008515479636139	21	8	998	99.02228517747668	48.623279214466095	898.1120396067981	0.007008515479636139	0.9777148225233293	8.115513286322354	0	0
7404	Multiflow (IFE)	MF_C3b_60	0	2024-10-11T13:14:37.759223Z		1.2478344788433897	810	0	6.432038322812621	6.5	60	100	1.2478344788433897	220.22194829200726	20.984185692965987	7.998231661677359	0	60	0.007004857479889041	21	8	998	98.75216552115661	48.4507141991063	732.5091152308223	0.007004857479889041	1.2478344788433897	8.07686254131794	0	0
7405	Multiflow (IFE)	MF_C3b_60	0	2024-10-11T13:14:38.821081Z		3.046773920392441	810	0	4.288092594273308	4.25	60	100	3.046773920392441	126.83021422013417	21.379312614202497	7.985056497544051	0	60	0.0070052870872361365	21.5	8	998	96.95322607960756	48.36737338086465	783.5530609548899	0.0070052870872361365	3.046773920392441	8.071073845356704	0	0
7406	Multiflow (IFE)	MF_C3b_60	0	2024-10-11T13:14:40.058930Z		4.597937993857162	810	0	3.5005773984944475	3.5	60	100.00000000000001	4.597937993857162	131.10508470795457	22.633907860815523	7.99381585419178	0	60	0.007009736380081108	22.75	8	998	95.40206200614284	48.42278156727552	913.4218755980164	0.007009736380081108	4.597937993857162	8.08960721707344	0	0
7407	Multiflow (IFE)	MF_C3b_60	0	2024-10-11T13:14:41.073622Z		6.107059474955359	810	0	2.860137339415486	2.75	60	100	6.107059474955359	140.65638586174873	22.67763387799263	7.998922718584536	0	60	0.007007798476979233	22.75	8	998	93.89294052504464	48.45508554867834	1044.9767004266407	0.007007798476979233	6.107059474955359	8.110334511756898	0	0
7408	Multiflow (IFE)	MF_C3b_60	0	2024-10-11T13:14:42.093981Z		8.062101231736108	810	0	2.138744450240018	2.25	60	100	8.062101231736108	153.74353786653046	22.593895651400093	7.99971494475007	0	60	0.007007618022238175	22.5	8.25	998	91.93789876826389	48.46009685451104	1215.817336822319	0.007007618022238175	8.062101231736108	8.130673477083445	0	0
7409	Multiflow (IFE)	MF_C3b_60	0	2024-10-11T13:14:43.129008Z		0	810	0.39919124692369273	8.570060647646539	8.5	60	0	0.39919124692369273	222.428780650421	20.4767379668355	7.9858175212740905	0	60	0	20.5	8	998	99.60080875307631	48.372187312571384	659.2147607377243	0.0020257315030626738	0.39919124692369273	8.062148477852343	0	0.0020257315030626738
7410	Multiflow (IFE)	MF_C3b_60	0	2024-10-11T13:14:44.195998Z		0	810	0.46337978701170873	6.4272087607822455	6.5	60	0	0.46337978701170873	144.26100767449714	21.42402288496495	7.966692438870669	0	60	0	21.5	8	998	99.5366202129883	48.251209691320305	584.1773230514813	0.0020328210685016442	0.46337978701170873	8.037298892319203	0	0.0020328210685016442
7411	Multiflow (IFE)	MF_C3b_60	0	2024-10-11T13:14:45.187866Z		0	810	0.8677351792358211	4.289601957801145	4.25	60	0	0.8677351792358211	45.114105050572334	21.833915855586532	7.95534501427412	0	60	0	21.75	8	998	99.13226482076418	48.17943042229237	510.5941444725611	0.0020338502187835956	0.8677351792358211	8.02140779450536	0	0.0020338502187835956
7630	Multiflow (IFE)	MF_C3b_60	0	2024-10-11T13:14:46.222156Z		0	810	3.2958629372443826	3.499874894258479	3.5	60	0	3.2958629372443826	1.3950653897464917	19.92255781084299	7.948920079082251	0	60	0	20	8	998	96.70413706275562	48.13878885224269	623.6946369464683	0.002028555379396274	3.2958629372443826	8.024627991080285	0	0.002028555379396274
7413	Multiflow (IFE)	MF_C3b_60	0	2024-10-11T13:14:47.260369Z		0	810	4.548477200167455	2.859526687182003	2.75	60	0	4.548477200167455	69.28471559300965	21.184968867599967	7.950149103611709	0	60	0	21.25	8	998	95.45152279983255	48.14656316980623	772.7234321707106	0.0020306916568841875	4.548477200167455	8.037955656051635	0	0.0020306916568841875
7414	Multiflow (IFE)	MF_C3b_60	0	2024-10-11T13:14:48.298437Z		0	810	8.318353617962607	2.1398610592361424	2.25	60	0	8.318353617962607	123.63861848870658	20.890428242385386	7.950576228827238	0	60	0	21	8	998	91.6816463820374	48.14926499306958	1071.1030750766076	0.0020328181308655285	8.318353617962607	8.065641587555408	0	0.0020328181308655285
7637	Multiflow (IFE)	MF_C3b_60	0	2024-10-11T13:14:49.311896Z		1.028862415185509	810	2.969637893096489	8.569699146268748	8.5	60	25.731207599370443	3.998500308281997	-22.912540895592315	20.551839101612565	8.033480146944523	0	60	0.0005175355031736922	20.5	8	998	96.00149969171801	48.67368201751228	665.6611099763509	0.0020113144755256438	3.998500308281997	8.11365108281374	0	0.0014937789723519514
7638	Multiflow (IFE)	MF_C3b_60	0	2024-10-11T13:14:50.568822Z		1.053038277412229	810	3.0269366305463024	6.430638650913956	6.5	60	25.809920432553174	4.079974907958524	-103.76321486567042	21.186740722060204	8.01371359321475	0	60	0.0005178118490829534	21.25	8	998	95.92002509204147	48.54864670523922	589.4474305223574	0.0020062512414019493	4.079974907958524	8.088589422345162	0	0.0014884393923189957
7639	Multiflow (IFE)	MF_C3b_60	0	2024-10-11T13:14:51.642273Z		1.31575548586295	810	3.786375083759778	4.289622670467366	4.25	60	25.7883538633204	5.102130569622706	-231.69787420495038	22.270621471107003	8.005928209215403	0	60	0.0005176848373803919	22.25	8	998	94.8978694303773	48.49939948021295	531.4357874854571	0.0020074365355933466	5.102130569622706	8.077417157232759	0	0.0014897516982129546
7631	Multiflow (IFE)	MF_C3b_60	0	2024-10-11T13:14:52.674550Z		1.4398047802817981	810	4.137381647254783	3.4990167211649363	3.5	60	25.81597009511756	5.577186427536576	90.08725025015372	20.708769839704036	7.974559591084718	0	60	0.0005181226815881154	20.75	8	998	94.42281357246343	48.300974149365494	884.3441534189587	0.0020069851323778268	5.577186427536576	8.070086992442608	0	0.0014888624507897114
7419	Multiflow (IFE)	MF_C3b_60	0	2024-10-11T13:14:53.770134Z		1.5642009286595873	810	4.495612770063592	2.860142165383009	2.75	60	25.8126900665143	6.05981369872315	184.5602405031741	20.044463002085685	7.905596046507358	0	60	0.0005180993562442836	20	8	998	93.94018630127685	47.86473835178695	1008.5540906380597	0.0020071497968992846	6.05981369872315	8.014285271793604	0	0.001489050440655001
7420	Multiflow (IFE)	MF_C3b_60	0	2024-10-11T13:14:54.845876Z		3.2623645270403068	810	9.37996161983566	2.139007381055655	2.25	60	25.805097014100237	12.64232614687595	135.50641951299144	20.20845121771097	7.922844877094032	0	60	0.0005178857284456861	20.25	8	998	87.35767385312406	47.973847554546005	1413.6427493524282	0.0020069125419784574	12.64232614687595	8.068849132359027	0	0.0014890268135327714
7421	Multiflow (IFE)	MF_C3b_60	0	2024-10-11T13:14:55.852673Z		1.4077063423716893	810	2.1244210983401577	8.568302710354775	8.5	60	39.854347443590044	3.5321274407118484	-2.6085803522477136	21.272838099300863	7.9580672700703134	0	60	0.0008083757556623199	21.25	8	998	96.46787255928815	48.196650323556774	657.9413354532403	0.0020283251577672854	3.5321274407118484	8.036231618881224	0	0.0012199494021049658
7422	Multiflow (IFE)	MF_C3b_60	0	2024-10-11T13:14:56.898887Z		1.5128447345172313	810	2.280321214353247	6.428439631171822	6.5	60	39.88343127902756	3.7931659488704654	-93.96631136657652	22.294594599306585	7.945507740676405	0	60	0.0008082137755419268	22.25	8	998	96.20683405112953	48.11720376442267	584.5080833003108	0.0020264399266141393	3.7931659488704654	8.018700643271208	0	0.0012182261510722122
7423	Multiflow (IFE)	MF_C3b_60	0	2024-10-11T13:14:57.941648Z		1.9633763207140704	810	2.966592034220181	4.288353346895701	4.25	60	39.82533313320332	4.92996835493424	-220.57137816295585	21.66581658631563	7.934579194515943	0	60	0.0008082388082944262	21.75	8	998	95.07003164506575	48.04807415283005	538.1227295238576	0.002029459001864766	4.92996835493424	8.00549327224493	0	0.00122122019357034
7632	Multiflow (IFE)	MF_C3b_60	0	2024-10-11T13:14:58.986071Z		2.342418914359775	810	3.539664838525218	3.4979969493166103	3.5	60	39.82294392205626	5.882083752885025	111.45913916039126	21.0853336918354	7.987077034235	0	60	0.0008086102442473328	21	8	998	94.11791624711498	48.38015448775692	940.4960945532899	0.0020305134794403722	5.882083752885025	8.085591045320033	0	0.0012219032351930392
7425	Multiflow (IFE)	MF_C3b_60	0	2024-10-11T13:15:00.081719Z		2.722200406698748	810	4.119478398765035	2.8587149174256212	2.75	60	39.78848589800499	6.841678805463772	286.26712428325345	21.937731088995935	7.9535467269122595	0	60	0.0008087381708379654	22	8	998	93.15832119453623	48.16805517575619	1181.7818777584089	0.0020325934817200866	6.841678805463772	8.07419615420699	0	0.001223855310882121
7426	Multiflow (IFE)	MF_C3b_60	0	2024-10-11T13:15:01.087743Z		5.430677542639506	810	8.20490701858686	2.1397313727565535	2.25	60	39.82724406316966	13.635584561226391	226.98598508364194	22.40023629963398	7.975458945393562	0	60	0.0008096283856110303	22.5	8.25	998	86.3644154387736	48.30666310498152	1606.499502203121	0.0020328506394439077	13.635584561226391	8.139057994067668	0	0.0012232222538328772
7427	Multiflow (IFE)	MF_C3b_60	0	2024-10-11T13:15:02.109239Z		1.907192994078375	810	1.9207417109749019	8.5688971053836	8.5	60	49.823028369858896	3.827934705053268	-21.639569223327385	20.824096745848657	7.97696039623022	0	60	0.000990485842805393	20.75	8	998	96.17206529494673	48.31616068239388	667.0093961928351	0.0019880081063169586	3.827934705053268	8.054947681546212	0	0.0009975222635115657
7428	Multiflow (IFE)	MF_C3b_60	0	2024-10-11T13:15:03.124277Z		1.9366146526766739	810	1.9522366528105914	6.429765748237581	6.5	60	49.79914377142846	3.888851305487277	-101.74446737182495	21.26091750353575	7.956559162408114	0	60	0.0009903437875514345	21.25	8	998	96.11114869451272	48.187110637728765	590.262623690668	0.0019886763356755342	3.888851305487277	8.028204365193844	0	0.0009983325481240995
7429	Multiflow (IFE)	MF_C3b_60	0	2024-10-11T13:15:04.174552Z		2.808392474466488	810	2.8301231695049576	4.2924736250871005	4.25	60	49.80730127917891	5.6385156439714645	-276.55182950081223	22.583269809186454	7.95416923287511	0	60	0.000990663291895356	22.5	8	998	94.36148435602854	48.171992899474795	542.4987839561666	0.001988992108491302	5.6385156439714645	8.023527641355992	0	0.0009983288165959464
7634	Multiflow (IFE)	MF_C3b_60	0	2024-10-11T13:15:05.161065Z		3.0530551335955325	810	3.076615094618533	3.50050801056963	3.5	60	49.807820321927245	6.129670228214074	72.96036603513244	21.386666498482228	7.997010459065438	0	60	0.0009900544821618265	21.5	8	998	93.87032977178592	48.442989359864335	929.8687454240738	0.0019877490638271675	6.129670228214074	8.093364650547503	0	0.000997694581665341
7431	Multiflow (IFE)	MF_C3b_60	0	2024-10-11T13:15:06.212262Z		3.6482562135346375	810	3.6668509772184565	2.8604058266613106	2.75	60	49.872901632204794	7.315107190753094	355.75055014318946	21.197752224802972	7.974966129511595	0	60	0.000990503893919874	21.25	8	998	92.6848928092469	48.303545748838545	1297.7648083905012	0.001986056278065579	7.315107190753094	8.102882378816606	0	0.000995552384145705
7432	Multiflow (IFE)	MF_C3b_60	0	2024-10-11T13:15:07.258603Z		6.6480182078187875	810	6.713203458622915	2.1398132949153243	2.25	60	49.75606552891851	13.361221666441748	390.57423734046506	20.879337435364725	7.99225948175788	0	60	0.000989718298557532	21	8.25	998	86.63877833355825	48.41293657780764	1772.5589065007	0.0019891409982614123	13.361221666441748	8.164355731219052	0	0.00099942269970388
7433	Multiflow (IFE)	MF_C3b_60	0	2024-10-11T13:15:08.284403Z		2.971355799487353	810	0.9994420252912516	8.571370006416487	8.5	60	74.83019611186126	3.970797824778618	-32.05289407822147	21.211591626107694	7.99337243539095	0	60	0.0014994873679110073	21.25	8	998	96.02920217522139	48.419976677308995	683.6845130712255	0.002003853318344204	3.970797824778618	8.070366088688376	0	0.0005043659504331967
7434	Multiflow (IFE)	MF_C3b_60	0	2024-10-11T13:15:09.252469Z		3.1283045312119184	810	1.0523583926456228	6.432082462853313	6.5	60	74.8279540395331	4.180662923857551	-133.29710520102867	20.396374576389793	7.966907346874476	0	60	0.0015003109029264213	20.5	8	998	95.81933707614245	48.252569113389185	597.1629027249018	0.002005013931202472	4.180662923857551	8.03807979670167	0	0.0005047030282760508
7435	Multiflow (IFE)	MF_C3b_60	0	2024-10-11T13:15:10.503439Z		4.273741130863325	810	1.4414954898295849	4.29103366282566	4.25	60	74.77802608188738	5.715236620692909	-284.43901554198817	21.221532162129876	7.960535299777985	0	60	0.0014997575447787605	21.25	8	998	94.2847633793071	48.21226209227562	563.3041997507931	0.0020056126423241196	5.715236620692909	8.02886788508296	0	0.000505855097545359
7436	Multiflow (IFE)	MF_C3b_60	0	2024-10-11T13:15:11.475798Z		4.382353940596331	810	1.4760456511919546	3.4992139613915314	3.5	60	74.80462662087909	5.858399591788297	-101.97340606156229	21.396057520210743	7.963392602324487	0	60	0.0014994945646481016	21.5	8	998	94.1416004082117	48.23033624526377	756.9145259262554	0.0020045478901295263	5.858399591788297	8.046708455204964	0	0.0005050533254814245
7437	Multiflow (IFE)	MF_C3b_60	0	2024-10-11T13:15:12.449156Z		4.413042137829275	810	1.487824749139282	2.861101999913778	2.75	60	74.78633601403573	5.900866886968548	-22.364792548063065	21.322836022377015	7.962010358035563	0	60	0.0014995422822271837	21.25	8	998	94.09913311303146	48.22159272078976	839.6917773226543	0.0020051019506367486	5.900866886968548	8.059543830126524	0	0.0005055596684095648
7439	Multiflow (IFE)	MF_C3b_60	0	2024-10-11T13:15:13.469856Z		4.762756598997073	810	1.5999707032958945	2.1394018045035716	2.25	60	74.85401106661757	6.36272730229295	68.65452348482688	21.30401922285557	7.958717090457678	0	60	0.0015033165578429472	21.25	8	998	93.63727269770705	48.20076082739909	966.0218918382034	0.002008331332445292	6.36272730229295	8.081469641566276	0	0.0005050147746023451
7441	Multiflow (IFE)	MF_C3b_60	0	2024-10-11T13:15:14.523211Z		0.6259615263834561	810	0	8.570646729084869	8.5	60	100.13861916692085	0.6259615263834561	308.206671225258	21.954677768349647	8.031438693016767	0	60	0.002010349659677752	22	8	998	99.37403847361654	48.66076859654686	772.1001491249253	0.002007566787321787	0.6259615263834561	8.111094934910536	0	-0.000002782872355965189
7442	Multiflow (IFE)	MF_C3b_60	0	2024-10-11T13:15:15.508154Z		0.7407101727096393	810	0	6.428952864568069	6.5	60	100.13828127056641	0.7407101727096393	170.83415895025928	20.6458407330513	7.981400578856468	0	60	0.0020108060989616205	20.75	8	998	99.25928982729036	48.344247501614475	641.313317999491	0.0020080293704348366	0.7407101727096393	8.05334869146347	0	-0.0000027767285267838608
7443	Multiflow (IFE)	MF_C3b_60	0	2024-10-11T13:15:16.571473Z		1.7462289946805327	810	0	4.289493594393589	4.25	60	100.1360916839603	1.7462289946805327	52.46367110079336	21.420159555971626	7.967818449139594	0	60	0.0020109082968347426	21.5	8	998	98.25377100531946	48.258332381877416	603.3509159210053	0.0020081753372014695	1.7462289946805327	8.040514364272358	0	-0.0000027329596332731503
7444	Multiflow (IFE)	MF_C3b_60	0	2024-10-11T13:15:17.587226Z		4.271418950231429	810	0	3.4999375301924553	3.5	60	100.12623924463853	4.271418950231429	126.1349557050396	21.641570900678634	7.9722158987224105	0	60	0.0020103299202745206	21.75	8	998	95.72858104976856	48.28614888895848	880.999162324058	0.0020077952946606532	4.271418950231429	8.065574530184268	0	-0.0000025346256138672282
7445	Multiflow (IFE)	MF_C3b_60	0	2024-10-11T13:15:18.568189Z		5.715450972982353	810	0	2.8600347190751565	2.75	60	100.12868451774231	5.715450972982353	152.2391452839164	21.677368011176586	7.9730995531380175	0	60	0.0020096314400380715	21.75	8	998	94.28454902701765	48.29173853332984	1023.6597442695478	0.0020070486791244867	5.715450972982353	8.083420266836882	0	-0.000002582760913584811
7446	Multiflow (IFE)	MF_C3b_60	0	2024-10-11T13:15:19.779312Z		7.620308800822826	810	0	2.1383884006619507	2.25	60	100.12144391919327	7.620308800822826	195.0903174587345	21.79579455703497	7.973769442349672	0	60	0.002010136776599956	21.75	8	998	92.37969119917717	48.29597598452709	1220.236583724779	0.002007698548796711	7.620308800822826	8.10753099030256	0	-0.000002438227803245105